"Date","Price","Open","High","Low","Vol.","Change %"
"01/27/2023","602.60","600.41","603.49","599.49","1.83B","0.55%"
"01/26/2023","599.29","602.52","605.36","597.99","1.06B","-0.20%"
"01/25/2023","600.48","605.62","606.66","600.01","1.56B","-0.59%"
"01/24/2023","604.04","603.10","607.71","602.78","856.92M","0.50%"
"01/23/2023","601.05","597.69","603.34","596.04","1.15B","1.06%"
"01/20/2023","594.73","594.42","596.70","591.51","938.34M","0.18%"
"01/19/2023","593.69","595.21","597.22","592.77","2.13B","-0.23%"
"01/18/2023","595.03","595.49","598.39","592.67","1.47B","0.23%"
"01/17/2023","593.64","594.21","596.24","592.27","1.37B","0.19%"
"01/16/2023","592.53","591.31","595.43","590.71","1.53B","0.49%"
"01/13/2023","589.66","589.71","597.04","585.88","1.35B","0.41%"
"01/12/2023","587.26","585.15","591.16","584.09","1.08B","0.59%"
"01/11/2023","583.79","586.51","588.87","582.07","1.15B","-0.09%"
"01/10/2023","584.33","586.90","588.72","582.28","770.06M","-0.26%"
"01/09/2023","585.85","579.63","587.06","579.49","994.91M","1.75%"
"01/06/2023","575.78","573.37","578.83","573.22","863.01M","0.59%"
"01/05/2023","572.40","578.38","580.20","572.39","699.82M","-0.67%"
"01/04/2023","576.28","582.77","583.50","575.43","742.28M","-0.88%"
"01/03/2023","581.38","586.26","590.64","580.91","668.37M","-0.48%"
"12/30/2022","584.16","585.84","589.13","582.70","1.15B","-0.16%"
"12/29/2022","585.08","575.93","585.68","575.91","980.79M","1.58%"
"12/28/2022","575.99","573.86","578.61","571.93","630.45M","0.44%"
"12/27/2022","573.49","567.90","574.76","567.47","576.41M","1.03%"
"12/26/2022","567.66","563.15","568.38","563.04","616.72M","1.12%"
"12/23/2022","561.40","560.78","563.29","559.98","768.92M","-0.27%"
"12/22/2022","562.94","566.53","569.43","562.58","783.79M","-0.41%"
"12/21/2022","565.28","562.22","568.22","562.16","1.11B","0.77%"
"12/20/2022","560.96","567.47","567.87","557.04","643.44M","-1.01%"
"12/19/2022","566.68","570.77","572.26","565.67","578.00M","-0.76%"
"12/16/2022","571.03","572.68","575.41","569.58","667.78M","-0.57%"
"12/15/2022","574.30","578.93","581.99","573.77","932.16M","-0.94%"
"12/14/2022","579.75","578.93","582.43","578.77","859.11M","0.25%"
"12/13/2022","578.29","581.25","582.59","575.83","756.75M","-0.53%"
"12/09/2022","581.37","581.63","584.57","579.49","843.79M","0.24%"
"12/08/2022","579.96","576.59","579.96","573.20","895.21M","0.72%"
"12/07/2022","575.83","578.60","583.17","574.48","2.03B","-0.52%"
"12/06/2022","578.86","582.88","587.09","578.44","1.50B","-0.61%"
"12/02/2022","582.39","581.13","582.87","578.74","1.18B","0.44%"
"12/01/2022","579.81","583.36","584.70","578.72","989.62M","0.42%"
"11/30/2022","577.38","576.78","583.63","574.98","1.37B","0.47%"
"11/29/2022","574.70","576.87","579.82","573.34","1.00B","-0.08%"
"11/28/2022","575.18","581.51","582.94","573.12","1.85B","-1.24%"
"11/25/2022","582.43","579.98","584.94","578.30","2.86B","0.34%"
"11/24/2022","580.47","588.72","590.76","578.22","6.44B","-1.59%"
"11/23/2022","589.86","586.61","590.19","584.93","1.15B","0.61%"
"11/22/2022","586.31","592.42","596.55","586.14","942.88M","-1.53%"
"11/21/2022","595.44","597.21","599.15","593.85","1.32B","-0.87%"
"11/18/2022","600.68","612.19","612.76","599.48","1.02B","-1.67%"
"11/17/2022","610.91","610.22","613.12","608.00","867.31M","0.09%"
"11/16/2022","610.36","612.29","615.61","608.98","710.90M","-0.09%"
"11/15/2022","610.94","612.56","613.95","608.48","767.89M","-0.84%"
"11/14/2022","616.13","622.61","623.01","613.16","1.78B","-1.50%"
"11/11/2022","625.51","627.02","629.13","618.59","1.11B","0.08%"
"11/10/2022","625.04","641.86","643.84","625.04","4.01B","-2.60%"
"11/09/2022","641.75","645.54","646.43","637.32","1.20B","-0.61%"
"11/08/2022","645.68","649.60","651.24","644.60","1.09B","-0.29%"
"11/07/2022","647.58","647.25","650.37","642.71","1.27B","0.37%"
"11/04/2022","645.20","646.12","647.92","643.19","1.12B","-0.09%"
"11/03/2022","645.78","639.90","646.66","639.69","1.62B","0.82%"
"11/02/2022","640.52","651.13","651.29","640.52","1.63B","-1.28%"
"11/01/2022","648.82","647.85","650.22","643.10","1.20B","0.45%"
"10/31/2022","645.93","647.88","650.79","642.86","1.25B","0.52%"
"10/28/2022","642.56","644.07","652.01","641.67","1.32B","0.29%"
"10/27/2022","640.69","641.26","644.40","637.33","1.41B","0.19%"
"10/26/2022","639.47","641.63","648.50","638.39","1.18B","-0.13%"
"10/25/2022","640.33","646.77","648.52","636.74","1.67B","-0.77%"
"10/21/2022","645.27","645.56","650.70","644.04","1.18B","-0.10%"
"10/20/2022","645.93","640.37","648.19","639.64","1.53B","0.66%"
"10/19/2022","641.70","645.77","646.87","638.99","2.20B","-0.12%"
"10/18/2022","642.48","634.59","646.17","633.81","2.15B","1.67%"
"10/17/2022","631.94","632.08","637.65","629.22","1.71B","0.10%"
"10/12/2022","631.31","629.77","632.53","625.68","1.59B","0.47%"
"10/11/2022","628.36","635.35","638.13","627.97","1.39B","-1.21%"
"10/10/2022","636.05","637.86","643.58","635.77","1.31B","-0.90%"
"10/07/2022","641.84","648.75","650.00","638.01","1.19B","-0.86%"
"10/06/2022","647.44","651.16","657.11","637.69","2.27B","0.01%"
"10/05/2022","647.40","651.72","655.58","647.07","2.24B","-0.03%"
"10/04/2022","647.60","650.89","652.39","642.75","1.79B","1.07%"
"10/03/2022","640.72","652.95","655.58","638.48","3.09B","-1.92%"
"09/30/2022","653.29","652.50","657.03","648.21","1.79B","0.02%"
"09/29/2022","653.17","663.85","669.43","650.18","2.32B","-0.80%"
"09/28/2022","658.45","661.88","663.08","655.16","1.93B","-0.96%"
"09/27/2022","664.82","679.30","683.46","663.59","3.51B","-1.92%"
"09/26/2022","677.81","676.83","681.59","674.77","2.45B","-0.20%"
"09/23/2022","679.19","684.14","685.62","677.07","2.03B","-0.30%"
"09/22/2022","681.25","666.57","682.75","665.25","2.35B","2.19%"
"09/21/2022","666.62","670.23","673.63","665.37","2.76B","-0.40%"
"09/20/2022","669.29","676.40","681.31","669.29","3.11B","-0.44%"
"09/19/2022","672.28","678.50","682.30","670.59","2.77B","-0.48%"
"09/16/2022","675.52","689.11","690.98","672.77","2.09B","-2.00%"
"09/15/2022","689.31","688.66","696.10","685.25","2.67B","0.39%"
"09/14/2022","686.60","673.55","688.48","672.97","1.55B","0.40%"
"09/13/2022","683.86","676.29","687.21","675.63","1.66B","1.55%"
"09/12/2022","673.39","672.14","676.24","667.87","1.40B","0.96%"
"09/09/2022","666.98","671.56","673.80","666.21","1.58B","-0.41%"
"09/08/2022","669.70","668.86","673.74","665.48","1.96B","0.98%"
"09/07/2022","663.19","656.59","667.37","655.43","2.18B","0.91%"
"09/06/2022","657.24","648.88","658.30","648.32","2.61B","1.08%"
"09/05/2022","650.19","636.06","650.19","634.59","1.82B","2.54%"
"09/02/2022","634.11","633.81","637.69","629.26","996.42M","-0.01%"
"09/01/2022","634.20","641.12","645.21","633.00","1.37B","-1.09%"
"08/31/2022","641.19","645.29","648.47","639.68","1.35B","-0.56%"
"08/30/2022","644.83","643.40","647.27","641.64","1.07B","0.75%"
"08/29/2022","640.00","628.54","643.11","627.89","1.19B","-0.46%"
"08/26/2022","642.97","653.93","654.17","638.29","1.93B","-1.45%"
"08/25/2022","652.43","642.69","652.43","642.66","1.52B","1.76%"
"08/24/2022","641.12","648.68","649.60","639.44","1.92B","-0.86%"
"08/23/2022","646.70","639.97","648.23","637.39","2.11B","0.79%"
"08/22/2022","641.60","624.13","641.61","624.00","2.03B","2.70%"
"08/19/2022","624.76","627.56","629.67","620.82","1.50B","0.00%"
"08/18/2022","624.74","615.21","626.65","613.79","1.28B","1.52%"
"08/17/2022","615.37","610.09","616.71","609.64","1.51B","1.08%"
"08/16/2022","608.79","618.08","618.82","608.79","2.01B","-1.07%"
"08/15/2022","615.36","614.11","618.12","611.04","1.88B","0.72%"
"08/11/2022","610.95","622.99","624.22","606.94","2.57B","-0.92%"
"08/10/2022","616.64","622.76","625.12","616.62","1.82B","-0.79%"
"08/09/2022","621.54","621.81","626.28","619.79","1.60B","0.39%"
"08/08/2022","619.12","614.40","619.66","611.76","1.79B","1.02%"
"08/05/2022","612.89","611.31","616.67","610.10","1.28B","0.55%"
"08/04/2022","609.55","601.97","613.47","601.52","1.87B","1.71%"
"08/03/2022","599.30","597.74","600.75","593.16","1.51B","0.43%"
"08/02/2022","596.75","598.21","603.62","596.05","2.53B","-0.27%"
"08/01/2022","598.35","585.22","600.13","585.12","1.75B","2.90%"
"07/27/2022","581.46","575.27","583.85","575.24","3.97B","1.20%"
"07/26/2022","574.57","578.87","582.52","574.52","1.80B","-0.67%"
"07/25/2022","578.44","574.02","579.13","573.79","1.19B","0.48%"
"07/22/2022","575.66","575.86","579.17","572.39","1.32B","0.39%"
"07/21/2022","573.41","572.13","576.13","570.94","1.25B","0.16%"
"07/20/2022","572.49","568.92","573.92","568.36","1.75B","1.38%"
"07/19/2022","564.71","571.07","572.49","563.26","1.78B","-1.08%"
"07/18/2022","570.85","565.89","572.77","565.80","1.79B","1.07%"
"07/15/2022","564.78","566.52","569.72","558.44","1.73B","-0.04%"
"07/14/2022","565.03","570.36","574.31","564.60","1.32B","-1.07%"
"07/12/2022","571.17","572.71","576.59","570.01","1.05B","-0.40%"
"07/11/2022","573.46","571.69","575.64","570.02","1.17B","0.20%"
"07/08/2022","572.34","582.03","582.53","570.61","1.32B","-0.81%"
"07/07/2022","577.02","563.26","578.19","563.19","1.96B","2.68%"
"07/06/2022","561.98","563.35","568.97","556.74","1.28B","-1.08%"
"07/05/2022","568.09","588.62","592.03","565.07","1.64B","-3.23%"
"07/04/2022","587.04","598.33","599.75","587.04","1.33B","-1.75%"
"07/01/2022","597.48","596.71","600.56","593.49","1.62B","-0.03%"
"06/30/2022","597.65","605.53","609.56","597.07","2.16B","-1.35%"
"06/29/2022","605.85","613.58","615.10","604.57","1.56B","-1.26%"
"06/28/2022","613.59","610.81","614.98","610.28","1.25B","0.22%"
"06/27/2022","612.23","609.29","613.12","607.18","1.20B","0.94%"
"06/24/2022","606.52","605.87","608.14","603.41","1.10B","0.74%"
"06/23/2022","602.06","601.85","607.56","598.77","1.43B","0.51%"
"06/22/2022","598.99","606.97","607.93","595.12","4.48B","-1.17%"
"06/21/2022","606.10","603.24","609.32","601.62","2.79B","1.15%"
"06/20/2022","599.19","600.01","604.16","593.68","2.07B","-0.56%"
"06/17/2022","602.59","596.07","602.59","591.08","5.08B","0.44%"
"06/16/2022","599.98","618.94","622.13","598.08","4.95B","-2.29%"
"06/15/2022","614.03","620.39","624.29","611.28","7.85B","-0.77%"
"06/14/2022","618.79","617.85","622.81","610.68","18.60B","-0.37%"
"06/13/2022","621.11","630.17","634.64","618.76","2.06B","-3.37%"
"06/10/2022","642.79","639.46","645.58","639.42","2.05B","0.23%"
"06/09/2022","641.32","643.65","646.13","638.82","1.74B","-0.14%"
"06/08/2022","642.25","634.81","642.98","634.80","1.73B","1.47%"
"06/07/2022","632.95","636.21","637.08","631.62","1.58B","-0.34%"
"06/06/2022","635.09","633.79","635.20","627.67","1.56B","0.57%"
"06/02/2022","631.46","635.04","637.47","628.23","1.41B","-0.65%"
"06/01/2022","635.59","641.19","643.84","634.97","1.69B","-0.87%"
"05/31/2022","641.14","647.12","648.14","641.14","1.45B","-0.82%"
"05/30/2022","646.43","641.90","648.51","640.93","1.64B","1.01%"
"05/27/2022","639.94","648.68","649.52","639.69","1.66B","-0.94%"
"05/26/2022","646.02","644.99","651.27","643.65","2.59B","0.68%"
"05/25/2022","641.64","638.29","646.74","636.95","2.89B","1.07%"
"05/24/2022","634.87","629.83","638.63","627.84","1.92B","1.11%"
"05/23/2022","627.92","627.82","631.39","624.90","1.79B","0.36%"
"05/20/2022","625.66","622.15","629.03","621.54","2.00B","1.54%"
"05/19/2022","616.15","607.58","621.83","606.42","1.88B","-0.91%"
"05/18/2022","621.79","621.13","624.49","614.44","2.97B","0.58%"
"05/17/2022","618.21","606.51","621.35","602.16","2.83B","2.70%"
"05/13/2022","601.93","592.93","603.18","591.93","2.12B","2.41%"
"05/12/2022","587.74","606.34","607.62","587.72","2.67B","-3.73%"
"05/11/2022","610.50","618.40","619.16","605.78","2.41B","-0.95%"
"05/10/2022","616.35","601.16","617.96","600.75","2.00B","1.85%"
"05/09/2022","605.15","621.39","623.99","605.15","2.96B","-3.60%"
"05/06/2022","627.78","619.36","632.61","613.45","3.68B","-0.82%"
"05/05/2022","632.94","653.62","655.10","632.75","2.73B","-2.13%"
"05/03/2022","646.73","669.05","669.40","643.36","2.94B","-3.46%"
"04/29/2022","669.88","668.89","674.84","668.61","2.22B","0.33%"
"04/28/2022","667.67","665.44","671.64","663.56","2.19B","0.05%"
"04/27/2022","667.36","665.50","671.85","660.35","2.87B","-0.44%"
"04/26/2022","670.34","688.42","690.03","660.23","2.83B","-2.18%"
"04/25/2022","685.25","681.05","691.77","679.03","1.85B","-0.53%"
"04/22/2022","688.90","687.96","693.27","685.25","4.63B","-0.09%"
"04/21/2022","689.50","689.40","691.32","684.17","3.02B","0.58%"
"04/20/2022","685.52","682.14","688.17","679.05","3.55B","1.48%"
"04/19/2022","675.49","673.24","683.71","671.26","4.94B","0.95%"
"04/18/2022","669.12","658.05","670.33","652.60","2.99B","2.05%"
"04/12/2022","655.67","644.47","657.13","643.95","2.11B","1.00%"
"04/11/2022","649.21","655.55","657.22","648.24","4.39B","-1.25%"
"04/08/2022","657.42","655.03","662.17","653.21","3.84B","0.07%"
"04/07/2022","656.93","654.87","657.60","648.58","2.45B","-0.44%"
"04/05/2022","659.81","672.50","673.99","658.66","6.19B","-1.42%"
"04/04/2022","669.33","676.23","678.48","666.50","3.70B","-0.42%"
"04/01/2022","672.17","663.24","673.66","661.81","2.93B","1.40%"
"03/31/2022","662.91","661.57","669.31","659.51","4.11B","0.63%"
"03/30/2022","658.79","644.07","660.49","643.64","4.84B","2.61%"
"03/29/2022","642.05","640.54","645.81","638.33","4.47B","0.63%"
"03/28/2022","638.00","631.42","638.62","629.20","4.48B","1.44%"
"03/25/2022","628.97","628.74","632.70","622.76","8.39B","-0.10%"
"03/24/2022","629.62","626.38","632.98","625.71","10.60B","-0.20%"
"03/23/2022","630.89","619.76","631.59","619.46","4.65B","2.28%"
"03/22/2022","616.85","616.55","619.74","613.82","3.40B","0.05%"
"03/21/2022","616.53","621.43","622.99","614.63","5.30B","-0.78%"
"03/18/2022","621.38","610.34","622.85","607.86","5.36B","2.07%"
"03/17/2022","608.80","607.81","613.80","601.14","4.82B","0.58%"
"03/16/2022","605.30","611.53","613.45","601.17","7.80B","-0.27%"
"03/15/2022","606.92","619.53","621.05","604.68","5.34B","-1.67%"
"03/14/2022","617.22","618.25","624.32","613.54","2.08B","-0.21%"
"03/11/2022","618.54","606.39","618.54","605.84","2.56B","1.01%"
"03/10/2022","612.37","612.41","617.01","609.30","3.58B","1.25%"
"03/09/2022","604.80","598.69","607.39","591.23","3.10B","1.93%"
"03/08/2022","593.36","600.52","610.87","573.24","4.33B","-2.16%"
"03/07/2022","606.45","622.46","623.21","600.76","5.21B","-3.88%"
"03/04/2022","630.96","635.91","639.46","629.05","3.27B","-1.14%"
"03/03/2022","638.21","639.60","641.22","635.73","2.31B","0.25%"
"03/02/2022","636.59","639.63","641.11","634.91","3.37B","-0.48%"
"03/01/2022","639.64","637.59","641.63","636.31","3.96B","0.82%"
"02/28/2022","634.42","634.17","635.93","630.51","3.84B","-0.05%"
"02/25/2022","634.72","626.17","635.87","624.28","3.58B","2.67%"
"02/24/2022","618.23","637.53","641.31","612.53","4.55B","-3.88%"
"02/23/2022","643.20","643.54","651.92","635.49","5.69B","0.24%"
"02/22/2022","641.65","639.38","644.73","634.44","6.03B","-0.48%"
"02/21/2022","644.77","652.11","653.81","644.12","3.64B","-0.86%"
"02/18/2022","650.37","654.24","657.72","646.30","10.30B","-0.58%"
"02/17/2022","654.14","646.24","656.18","645.20","5.59B","1.46%"
"02/15/2022","644.74","639.19","647.16","636.46","9.23B","1.45%"
"02/14/2022","635.53","636.55","640.33","630.51","8.35B","-0.65%"
"02/11/2022","639.72","632.19","642.88","631.40","6.53B","1.05%"
"02/10/2022","633.06","643.80","643.85","628.12","6.86B","-1.35%"
"02/09/2022","641.73","649.91","652.32","641.18","6.61B","-1.02%"
"02/08/2022","648.37","649.25","652.59","646.81","13.62B","-0.12%"
"02/07/2022","649.14","652.48","653.72","643.99","5.03B","-0.13%"
"02/04/2022","650.01","650.80","653.72","648.41","3.46B","-0.19%"
"02/03/2022","651.25","654.27","655.74","649.63","2.84B","-0.68%"
"02/02/2022","655.71","654.71","657.03","649.00","2.67B","0.71%"
"02/01/2022","651.08","641.76","652.02","638.50","2.64B","2.91%"
"01/31/2022","632.68","622.30","635.12","621.25","1.95B","2.11%"
"01/28/2022","619.58","619.64","630.69","618.63","1.92B","0.77%"
"01/27/2022","614.86","630.66","631.89","592.90","4.68B","-3.21%"
"01/26/2022","635.28","642.94","645.93","635.00","3.46B","-0.60%"
"01/25/2022","639.13","643.90","648.97","632.45","3.39B","-1.14%"
"01/24/2022","646.50","657.47","662.48","646.50","2.96B","-2.32%"
"01/21/2022","661.85","661.47","663.21","650.62","3.64B","-0.13%"
"01/20/2022","662.72","672.53","673.26","661.54","4.00B","-0.61%"
"01/19/2022","666.81","665.66","673.99","656.02","4.56B","-0.23%"
"01/18/2022","668.38","685.44","687.14","666.91","4.26B","-2.24%"
"01/17/2022","683.70","687.03","688.49","682.50","6.03B","0.21%"
"01/14/2022","682.26","678.52","684.02","672.08","5.15B","0.51%"
"01/13/2022","678.78","674.51","683.72","674.01","4.38B","1.33%"
"01/12/2022","669.89","652.00","673.23","651.67","4.55B","3.35%"
"01/11/2022","648.16","643.85","651.48","635.70","3.63B","0.10%"
"01/10/2022","647.52","634.34","651.19","634.01","3.58B","2.49%"
"01/07/2022","631.79","620.99","632.37","617.94","3.76B","2.01%"
"01/06/2022","619.34","617.11","620.67","613.11","3.82B","0.23%"
"01/05/2022","617.90","613.05","622.16","611.10","3.15B","1.83%"
"01/04/2022","606.78","587.29","606.78","586.43","3.24B","4.23%"
"12/30/2021","582.13","577.73","584.33","576.88","1.94B","0.83%"
"12/29/2021","577.35","572.32","577.49","570.97","2.56B","1.14%"
"12/28/2021","570.85","576.32","580.51","570.85","3.97B","-0.60%"
"12/27/2021","574.29","571.79","575.48","570.53","3.83B","0.71%"
"12/24/2021","570.24","572.73","574.01","569.34","3.70B","0.07%"
"12/23/2021","569.85","570.09","573.25","568.16","2.31B","0.24%"
"12/22/2021","568.46","566.08","571.19","564.99","2.59B","0.61%"
"12/21/2021","565.04","567.51","569.31","562.04","2.43B","0.01%"
"12/20/2021","564.99","570.69","572.58","564.01","2.89B","-0.91%"
"12/17/2021","570.19","575.02","575.82","569.22","2.36B","-0.56%"
"12/16/2021","573.38","571.15","576.62","570.46","3.49B","0.59%"
"12/15/2021","570.00","571.29","573.10","568.70","4.80B","0.14%"
"12/14/2021","569.21","566.27","571.14","564.82","3.01B","0.51%"
"12/13/2021","566.34","566.07","569.24","564.61","3.79B","0.30%"
"12/09/2021","564.65","567.58","568.51","562.78","2.80B","-0.06%"
"12/08/2021","564.99","569.28","569.38","563.92","3.26B","0.03%"
"12/07/2021","564.81","560.82","566.62","560.28","4.25B","0.84%"
"12/03/2021","560.13","561.88","565.28","559.34","3.16B","0.07%"
"12/02/2021","559.74","558.91","563.49","557.08","3.03B","-0.24%"
"12/01/2021","561.06","551.91","561.70","549.97","3.22B","1.75%"
"11/30/2021","551.40","561.10","566.47","548.96","4.02B","-1.12%"
"11/29/2021","557.65","562.06","566.54","556.02","2.99B","-1.31%"
"11/26/2021","565.08","571.46","574.49","562.65","2.96B","-1.14%"
"11/25/2021","571.57","570.70","573.34","568.41","2.99B","0.59%"
"11/24/2021","568.23","564.02","569.79","562.80","2.65B","1.12%"
"11/23/2021","561.94","563.12","565.32","559.81","1.59B","-0.22%"
"11/22/2021","563.20","563.39","564.25","560.14","2.55B","0.20%"
"11/19/2021","562.07","563.10","564.60","559.59","2.59B","-0.35%"
"11/18/2021","564.02","558.97","565.08","558.04","2.42B","1.00%"
"11/17/2021","558.41","561.09","562.56","556.37","2.59B","-0.51%"
"11/16/2021","561.26","556.59","562.06","555.66","3.92B","0.70%"
"11/15/2021","557.38","559.06","562.22","555.66","7.28B","-0.13%"
"11/12/2021","558.09","553.95","560.73","552.74","4.22B","0.96%"
"11/11/2021","552.79","554.34","556.27","551.29","2.13B","-0.39%"
"11/10/2021","554.93","549.68","555.56","548.76","2.13B","1.12%"
"11/09/2021","548.79","543.72","550.44","541.77","2.57B","0.91%"
"11/08/2021","543.82","548.56","550.06","542.27","3.14B","-0.62%"
"11/05/2021","547.20","545.25","547.90","543.23","2.30B","0.80%"
"11/04/2021","542.88","533.49","544.92","533.10","2.52B","1.49%"
"11/03/2021","534.90","543.97","547.42","533.31","2.73B","-1.75%"
"11/02/2021","544.40","555.02","556.57","543.45","3.87B","-1.89%"
"11/01/2021","554.91","559.04","564.10","554.67","3.06B","-0.67%"
"10/29/2021","558.65","558.22","562.96","555.74","3.40B","0.42%"
"10/28/2021","556.29","563.35","563.60","556.26","3.80B","-0.94%"
"10/27/2021","561.55","562.02","565.01","559.50","5.15B","0.09%"
"10/26/2021","561.07","560.38","564.52","559.42","7.56B","0.41%"
"10/25/2021","558.78","560.04","562.11","557.71","4.41B","-0.16%"
"10/21/2021","559.65","558.17","560.81","557.08","3.59B","0.15%"
"10/20/2021","558.83","555.25","558.96","552.92","6.48B","0.87%"
"10/19/2021","554.01","559.17","559.69","551.79","3.85B","-0.79%"
"10/18/2021","558.44","556.33","559.78","555.79","3.52B","0.72%"
"10/15/2021","554.45","562.01","562.66","554.45","4.12B","-0.86%"
"10/14/2021","559.26","559.37","561.67","557.18","5.02B","0.17%"
"10/12/2021","558.29","562.89","563.79","557.60","3.80B","-0.36%"
"10/11/2021","560.32","563.86","565.30","558.16","3.68B","-0.05%"
"10/08/2021","560.62","558.83","563.33","555.97","3.88B","0.65%"
"10/07/2021","556.98","554.57","557.95","552.83","3.60B","1.11%"
"10/06/2021","550.85","548.24","554.62","548.08","3.78B","1.10%"
"10/05/2021","544.85","544.84","548.02","541.81","3.93B","0.08%"
"10/04/2021","544.42","545.03","547.80","543.26","4.96B","0.19%"
"10/01/2021","543.41","542.33","545.57","538.45","6.40B","-0.23%"
"09/30/2021","544.68","548.81","550.49","542.89","3.04B","-0.77%"
"09/29/2021","548.88","544.30","549.74","543.29","3.29B","0.44%"
"09/28/2021","546.46","546.45","550.82","545.16","4.15B","0.07%"
"09/27/2021","546.09","557.37","558.82","545.73","9.32B","-1.70%"
"09/23/2021","555.55","561.68","562.95","555.46","14.13B","-0.61%"
"09/22/2021","558.98","556.10","560.01","554.63","7.57B","0.62%"
"09/21/2021","555.52","546.17","556.56","536.29","4.81B","1.58%"
"09/20/2021","546.87","554.49","558.11","546.30","4.23B","-1.32%"
"09/17/2021","554.20","559.80","560.85","552.11","4.67B","-0.78%"
"09/16/2021","558.57","555.73","560.96","554.33","4.86B","0.72%"
"09/15/2021","554.57","552.03","556.41","551.08","5.21B","0.30%"
"09/14/2021","552.89","553.20","554.31","548.79","17.24B","0.52%"
"09/13/2021","550.05","549.98","553.65","544.47","9.67B","0.24%"
"09/10/2021","548.71","542.91","548.71","540.31","5.75B","1.77%"
"09/09/2021","539.15","540.07","542.53","537.65","8.70B","-0.12%"
"09/08/2021","539.81","534.98","539.81","534.25","18.79B","0.63%"
"09/07/2021","536.44","538.04","541.34","535.98","16.57B","0.38%"
"09/06/2021","534.42","528.71","534.42","526.57","8.91B","1.54%"
"09/03/2021","526.33","526.96","528.13","523.49","4.86B","0.36%"
"09/02/2021","524.45","526.57","528.07","523.50","4.17B","-0.21%"
"09/01/2021","525.57","524.78","526.10","521.10","4.52B","0.65%"
"08/31/2021","522.15","526.12","527.08","521.23","3.28B","-0.48%"
"08/30/2021","524.66","523.28","526.21","522.01","3.57B","0.58%"
"08/27/2021","521.63","520.15","525.34","519.27","3.56B","0.58%"
"08/26/2021","518.63","517.78","520.58","515.59","2.99B","0.51%"
"08/25/2021","516.00","512.55","516.12","510.87","4.68B","1.10%"
"08/24/2021","510.39","509.01","511.66","507.56","4.90B","0.61%"
"08/23/2021","507.29","506.55","507.78","503.79","5.09B","0.76%"
"08/20/2021","503.46","497.27","503.46","496.75","5.72B","1.24%"
"08/19/2021","497.30","494.99","500.73","494.88","7.00B","0.71%"
"08/18/2021","493.78","486.16","494.29","485.18","4.93B","1.88%"
"08/17/2021","484.68","483.77","488.57","482.84","4.16B","0.37%"
"08/16/2021","482.90","486.77","488.31","470.05","4.90B","-1.11%"
"08/13/2021","488.32","503.14","507.87","488.26","4.14B","-2.98%"
"08/11/2021","503.31","517.27","517.91","503.31","3.40B","-2.62%"
"08/10/2021","516.86","511.60","518.36","510.28","4.12B","1.68%"
"08/09/2021","508.30","510.55","514.11","508.30","3.79B","-0.43%"
"08/06/2021","510.48","512.34","514.19","503.66","3.53B","0.18%"
"08/05/2021","509.56","510.09","514.71","507.31","4.28B","0.17%"
"08/04/2021","508.70","505.06","510.06","502.67","4.84B","0.98%"
"08/03/2021","503.74","491.16","505.03","490.54","4.29B","2.23%"
"08/02/2021","492.73","492.62","494.45","488.29","2.79B","-0.55%"
"07/30/2021","495.46","507.91","508.27","493.53","4.47B","-1.93%"
"07/29/2021","505.21","509.43","510.47","504.21","4.06B","-0.50%"
"07/27/2021","507.75","507.93","510.96","505.74","5.26B","0.02%"
"07/23/2021","507.65","507.59","510.29","506.37","4.90B","0.03%"
"07/22/2021","507.48","505.56","509.40","504.20","5.70B","1.03%"
"07/21/2021","502.32","502.05","505.05","498.91","6.10B","0.40%"
"07/20/2021","500.34","506.80","507.18","495.38","5.02B","-1.33%"
"07/19/2021","507.08","502.39","509.24","502.35","5.54B","-0.67%"
"07/16/2021","510.51","509.07","513.03","508.36","3.34B","0.43%"
"07/15/2021","508.31","509.90","512.51","507.62","3.68B","0.06%"
"07/14/2021","508.02","501.18","508.02","498.41","3.32B","1.53%"
"07/13/2021","500.35","492.50","501.26","492.12","2.83B","1.97%"
"07/12/2021","490.70","492.57","495.81","487.77","2.93B","0.35%"
"07/09/2021","488.97","477.79","489.58","475.66","3.24B","0.64%"
"07/08/2021","485.88","503.93","504.93","484.67","5.91B","-4.62%"
"07/07/2021","509.40","518.12","521.04","509.04","3.84B","-1.30%"
"07/06/2021","516.09","508.49","518.00","507.57","4.43B","1.88%"
"07/05/2021","506.55","506.27","508.76","504.02","3.08B","0.20%"
"07/02/2021","505.52","509.93","511.82","504.69","3.59B","-1.07%"
"07/01/2021","510.99","509.23","511.42","507.40","3.90B","1.06%"
"06/30/2021","505.64","507.62","510.95","505.63","3.99B","-0.13%"
"06/29/2021","506.28","501.27","507.88","501.04","4.67B","1.42%"
"06/28/2021","499.20","490.76","500.22","489.84","3.05B","0.13%"
"06/25/2021","498.57","501.71","505.99","495.98","3.35B","-0.34%"
"06/24/2021","500.26","502.72","503.86","493.51","3.47B","-0.53%"
"06/23/2021","502.92","507.91","510.58","502.52","4.05B","-0.84%"
"06/22/2021","507.19","509.85","512.60","505.59","4.19B","0.37%"
"06/21/2021","505.32","499.03","506.19","496.80","2.77B","-0.04%"
"06/18/2021","505.51","505.84","508.64","499.91","3.76B","0.00%"
"06/17/2021","505.51","507.42","510.51","504.40","6.40B","-0.46%"
"06/16/2021","507.84","506.86","509.74","505.58","2.87B","0.68%"
"06/15/2021","504.41","505.59","509.39","503.58","8.86B","0.08%"
"06/14/2021","504.03","506.14","508.63","503.42","4.30B","-0.18%"
"06/11/2021","504.95","508.27","509.62","503.58","7.48B","-0.54%"
"06/10/2021","507.69","506.90","508.75","504.71","4.87B","0.57%"
"06/09/2021","504.82","503.44","506.21","501.76","4.60B","0.74%"
"06/08/2021","501.12","503.27","505.73","501.12","5.12B","0.15%"
"06/07/2021","500.36","500.33","504.80","499.78","3.73B","0.55%"
"06/04/2021","497.61","492.54","499.08","492.44","3.49B","1.34%"
"06/02/2021","491.01","489.24","493.17","487.76","3.13B","1.09%"
"06/01/2021","485.71","485.24","487.84","484.53","3.46B","0.76%"
"05/31/2021","482.03","482.90","484.24","480.03","2.61B","0.38%"
"05/28/2021","480.20","481.58","484.77","479.90","2.47B","0.00%"
"05/27/2021","480.18","481.16","482.93","479.49","2.32B","0.38%"
"05/25/2021","478.35","474.51","480.70","473.92","2.80B","1.19%"
"05/24/2021","472.73","474.29","476.85","469.48","2.26B","-0.56%"
"05/21/2021","475.37","479.66","480.72","473.63","3.61B","-0.16%"
"05/20/2021","476.12","478.27","485.54","476.08","4.98B","-0.33%"
"05/19/2021","477.69","477.70","481.20","475.26","4.22B","0.38%"
"05/18/2021","475.90","468.55","478.15","467.32","5.16B","1.95%"
"05/17/2021","466.78","470.89","471.61","461.59","4.54B","-1.75%"
"05/14/2021","475.08","479.07","483.11","468.05","4.66B","-0.10%"
"05/13/2021","475.56","482.50","488.40","443.20","7.74B","-2.64%"
"05/12/2021","488.46","490.87","492.12","486.71","4.40B","0.00%"
"05/11/2021","488.47","488.43","491.89","482.82","4.01B","0.08%"
"05/10/2021","488.08","487.99","489.84","485.19","2.89B","0.17%"
"05/07/2021","487.25","487.87","491.26","486.07","3.24B","0.15%"
"05/06/2021","486.51","484.15","488.36","482.89","4.74B","1.21%"
"05/05/2021","480.70","487.86","488.39","480.32","2.96B","-1.35%"
"04/30/2021","487.29","487.18","490.96","486.95","3.84B","0.44%"
"04/29/2021","485.17","486.96","488.08","483.87","5.53B","0.54%"
"04/28/2021","482.58","478.48","484.32","478.44","2.95B","1.32%"
"04/27/2021","476.30","480.92","483.78","475.68","4.89B","-0.14%"
"04/26/2021","476.96","471.92","477.96","469.54","3.52B","0.89%"
"04/23/2021","472.76","473.06","476.44","471.82","3.72B","-0.25%"
"04/22/2021","473.96","476.97","478.73","473.94","4.77B","0.19%"
"04/21/2021","473.07","468.06","475.17","468.04","3.27B","1.45%"
"04/20/2021","466.30","463.26","467.89","462.98","2.74B","1.29%"
"04/19/2021","460.38","449.11","460.91","448.39","2.72B","2.97%"
"04/16/2021","447.08","444.96","449.50","437.86","3.00B","-0.46%"
"04/12/2021","449.13","456.32","456.49","448.81","2.41B","-2.01%"
"04/09/2021","458.32","460.24","464.09","458.04","2.33B","-0.22%"
"04/08/2021","459.33","454.50","461.40","453.95","1.72B","1.10%"
"04/07/2021","454.32","459.32","461.56","451.67","2.33B","-2.27%"
"04/05/2021","464.88","473.19","473.47","462.28","2.90B","-1.51%"
"04/02/2021","472.02","471.75","474.37","470.59","3.19B","0.94%"
"04/01/2021","467.62","464.53","470.63","463.59","2.71B","1.24%"
"03/31/2021","461.89","461.80","463.72","460.52","3.04B","0.50%"
"03/30/2021","459.60","459.68","462.30","457.18","2.57B","0.58%"
"03/29/2021","456.93","451.95","458.45","451.90","3.34B","1.55%"
"03/26/2021","449.95","452.45","452.92","447.33","3.21B","0.21%"
"03/25/2021","448.99","450.50","452.70","447.96","3.88B","0.49%"
"03/24/2021","446.80","442.65","447.94","440.16","3.05B","1.26%"
"03/23/2021","441.26","440.39","441.33","437.32","4.06B","0.99%"
"03/22/2021","436.94","431.29","437.54","430.52","3.91B","2.05%"
"03/19/2021","428.18","423.99","428.80","423.55","2.72B","0.98%"
"03/18/2021","424.03","421.47","424.29","420.98","2.67B","1.50%"
"03/17/2021","417.76","414.00","419.69","413.63","1.97B","1.35%"
"03/16/2021","412.20","411.79","414.48","410.75","1.81B","0.42%"
"03/15/2021","410.48","407.40","410.48","406.91","2.00B","1.00%"
"03/12/2021","406.40","405.63","407.91","404.74","1.68B","0.64%"
"03/11/2021","403.82","406.10","406.78","403.80","1.44B","0.25%"
"03/10/2021","402.83","400.14","402.83","399.83","1.46B","1.07%"
"03/09/2021","398.55","395.63","398.55","395.25","1.83B","1.04%"
"03/08/2021","394.45","397.50","398.36","394.45","2.39B","-0.05%"
"03/05/2021","394.66","391.33","395.28","391.01","1.97B","0.85%"
"03/04/2021","391.35","386.19","391.61","385.61","1.33B","1.40%"
"03/03/2021","385.94","383.21","386.69","382.94","1.51B","1.38%"
"03/02/2021","380.67","379.28","382.22","378.94","1.38B","0.65%"
"03/01/2021","378.23","376.60","379.34","374.98","1.45B","-0.22%"
"02/25/2021","379.07","381.72","382.52","378.97","1.67B","-0.22%"
"02/24/2021","379.89","382.26","384.18","379.75","1.88B","-0.51%"
"02/23/2021","381.83","378.14","381.99","376.86","1.75B","1.23%"
"02/22/2021","377.18","385.84","385.99","376.10","1.99B","-1.89%"
"02/19/2021","384.46","385.14","387.19","383.98","1.98B","0.09%"
"02/18/2021","384.11","385.93","386.94","383.48","1.95B","0.33%"
"02/17/2021","382.83","382.33","384.37","382.01","1.57B","0.11%"
"02/16/2021","382.40","381.78","383.43","381.62","1.29B","0.51%"
"02/15/2021","380.47","381.22","381.80","378.45","1.16B","0.08%"
"02/11/2021","380.18","379.72","380.31","376.19","1.17B","0.27%"
"02/10/2021","379.15","377.27","379.94","377.22","1.29B","0.65%"
"02/09/2021","376.70","375.40","377.53","374.30","1.41B","0.64%"
"02/08/2021","374.29","371.18","374.67","371.14","1.36B","1.17%"
"02/05/2021","369.95","369.37","370.67","368.89","1.33B","0.64%"
"02/04/2021","367.61","364.63","367.61","364.17","1.28B","1.22%"
"02/03/2021","363.19","362.57","364.25","362.40","1.43B","0.56%"
"02/02/2021","361.16","360.51","362.17","359.26","1.32B","0.94%"
"02/01/2021","357.81","356.04","358.61","354.92","1.27B","0.42%"
"01/29/2021","356.33","357.48","359.23","353.45","1.44B","0.09%"
"01/28/2021","356.00","356.33","359.40","355.09","1.89B","-0.56%"
"01/27/2021","358.02","355.73","359.06","355.70","701.52M","0.94%"
"01/26/2021","354.68","354.45","356.12","353.73","711.56M","0.22%"
"01/25/2021","353.89","352.71","354.06","352.07","786.11M","1.01%"
"01/22/2021","350.34","356.18","357.14","350.31","896.69M","-1.32%"
"01/21/2021","355.03","358.86","360.05","355.03","1.22B","-0.55%"
"01/20/2021","356.98","356.09","357.70","355.61","1.22B","0.64%"
"01/19/2021","354.70","352.12","356.03","351.91","1.09B","1.13%"
"01/18/2021","350.74","349.99","351.18","349.35","1.38B","0.36%"
"01/15/2021","349.47","349.83","350.88","347.55","1.12B","0.19%"
"01/14/2021","348.82","350.30","351.14","348.40","825.18M","-0.15%"
"01/13/2021","349.35","349.11","350.92","347.97","1.01B","0.65%"
"01/12/2021","347.11","343.94","347.88","343.84","1.04B","1.15%"
"01/11/2021","343.15","341.75","343.31","341.42","855.48M","0.63%"
"01/08/2021","340.99","343.30","344.08","339.82","807.83M","-0.11%"
"01/07/2021","341.35","339.36","342.45","339.33","1.02B","0.98%"
"01/06/2021","338.03","340.93","341.95","337.95","558.10M","-0.49%"
"01/05/2021","339.68","338.41","340.88","337.90","544.63M","0.61%"
"01/04/2021","337.62","332.23","337.90","331.79","779.94M","0.40%"
"12/30/2020","336.29","339.31","339.90","334.39","743.84M","-0.68%"
"12/29/2020","338.60","338.33","340.51","337.56","629.35M","0.62%"
"12/28/2020","336.51","338.03","341.06","336.51","1.21B","-0.13%"
"12/25/2020","336.94","335.49","337.37","334.98","942.15M","0.77%"
"12/24/2020","334.36","333.15","335.13","330.76","806.70M","1.13%"
"12/23/2020","330.64","329.87","333.14","329.29","1.24B","0.86%"
"12/22/2020","327.81","321.83","327.93","319.89","1.82B","1.88%"
"12/21/2020","321.76","326.85","332.51","321.63","963.95M","-4.96%"
"12/18/2020","338.57","338.10","340.26","337.76","1.14B","0.38%"
"12/17/2020","337.28","335.48","338.52","334.89","825.46M","1.03%"
"12/16/2020","333.85","331.36","333.87","331.02","940.35M","1.21%"
"12/15/2020","329.87","327.52","330.09","327.15","740.23M","0.82%"
"12/14/2020","327.20","328.53","330.27","327.16","758.45M","-0.19%"
"12/09/2020","327.81","332.04","332.67","327.81","921.41M","-0.95%"
"12/08/2020","330.96","331.48","333.07","330.49","842.24M","-0.07%"
"12/04/2020","331.18","331.18","332.83","330.68","1.07B","0.29%"
"12/03/2020","330.23","328.96","331.07","328.90","951.20M","0.61%"
"12/02/2020","328.22","329.13","330.20","327.45","959.50M","0.04%"
"12/01/2020","328.08","327.84","329.01","326.86","1.54B","0.48%"
"11/30/2020","326.51","328.71","329.01","326.33","1.32B","-0.43%"
"11/27/2020","327.93","325.43","327.93","325.34","597.09M","0.94%"
"11/26/2020","324.87","323.55","324.87","323.02","1.79B","0.74%"
"11/25/2020","322.48","323.60","325.20","320.90","542.66M","0.20%"
"11/24/2020","321.84","325.26","325.75","321.66","682.84M","-0.50%"
"11/23/2020","323.45","322.69","323.78","322.15","611.37M","0.77%"
"11/20/2020","320.99","319.71","321.79","319.44","694.29M","0.76%"
"11/19/2020","318.56","317.55","320.53","317.55","840.10M","0.50%"
"11/18/2020","316.96","314.51","316.96","314.51","739.85M","0.88%"
"11/17/2020","314.20","316.78","317.48","313.92","713.64M","-0.43%"
"11/16/2020","315.57","316.29","316.72","314.70","796.38M","-0.23%"
"11/13/2020","316.30","315.76","317.51","314.77","707.64M","0.32%"
"11/12/2020","315.29","314.97","315.79","313.46","709.12M","0.06%"
"11/11/2020","315.09","313.71","317.34","313.65","1.26B","0.61%"
"11/10/2020","313.19","319.75","319.96","312.09","693.97M","-1.49%"
"11/09/2020","317.94","319.88","319.93","317.07","718.85M","0.44%"
"11/06/2020","316.55","319.17","319.77","316.55","580.91M","-0.70%"
"11/05/2020","318.79","317.90","319.53","317.74","1.09B","0.71%"
"11/04/2020","316.55","316.57","317.79","314.80","814.40M","0.10%"
"11/03/2020","316.24","314.02","316.27","313.86","843.88M","1.26%"
"11/02/2020","312.32","310.74","312.86","310.00","627.33M","0.89%"
"10/30/2020","309.56","310.50","312.55","308.44","740.11M","-0.07%"
"10/29/2020","309.79","310.94","311.07","308.91","657.39M","-0.63%"
"10/28/2020","311.75","310.93","313.03","310.51","540.14M","0.44%"
"10/27/2020","310.39","309.20","310.39","308.36","475.92M","0.44%"
"10/26/2020","309.02","308.57","310.75","308.21","1.21B","0.16%"
"10/22/2020","308.52","308.72","309.26","306.44","532.24M","0.21%"
"10/21/2020","307.86","307.26","310.38","307.16","393.88M","0.92%"
"10/20/2020","305.04","301.58","306.27","301.49","745.11M","0.80%"
"10/19/2020","302.63","310.17","310.22","302.63","470.32M","-3.61%"
"10/16/2020","313.98","317.98","319.07","310.13","517.73M","-1.10%"
"10/15/2020","317.47","322.87","324.81","316.81","738.76M","-1.99%"
"10/14/2020","323.92","324.96","325.27","322.22","921.32M","-0.06%"
"10/12/2020","324.12","324.34","325.47","322.64","806.71M","0.31%"
"10/09/2020","323.12","327.07","327.21","321.40","730.89M","-0.79%"
"10/08/2020","325.68","328.17","328.45","325.41","1.51B","-0.44%"
"10/07/2020","327.12","324.65","327.12","323.80","1.24B","0.95%"
"10/06/2020","324.03","325.27","326.36","323.52","853.93M","0.14%"
"10/05/2020","323.59","322.72","324.04","321.99","730.30M","0.85%"
"10/02/2020","320.87","318.44","321.19","316.62","827.44M","0.93%"
"10/01/2020","317.91","317.64","318.49","314.53","655.62M","0.65%"
"09/30/2020","315.85","320.12","321.85","315.85","658.03M","-0.96%"
"09/29/2020","318.91","319.55","320.27","318.05","591.19M","0.07%"
"09/28/2020","318.69","318.15","319.39","317.78","624.65M","0.64%"
"09/25/2020","316.67","318.37","319.16","316.52","736.03M","0.01%"
"09/24/2020","316.64","317.77","319.16","314.83","910.12M","-0.62%"
"09/23/2020","318.62","314.61","318.62","314.47","550.89M","1.65%"
"09/22/2020","313.45","313.05","314.46","311.69","583.84M","-0.05%"
"09/21/2020","313.61","311.80","315.86","311.64","546.05M","0.98%"
"09/18/2020","310.58","311.75","313.33","310.13","549.00M","-0.08%"
"09/17/2020","310.83","312.34","312.74","310.34","484.88M","-0.38%"
"09/16/2020","312.03","311.96","313.22","311.40","424.12M","0.11%"
"09/15/2020","311.68","307.40","311.68","307.36","659.60M","1.57%"
"09/14/2020","306.87","309.08","309.37","305.60","599.32M","-0.09%"
"09/11/2020","307.15","311.36","313.38","306.50","609.35M","-1.49%"
"09/10/2020","311.81","314.46","316.28","311.81","881.99M","-0.18%"
"09/09/2020","312.37","306.75","313.32","306.15","750.93M","0.94%"
"09/08/2020","309.47","312.40","312.49","309.47","911.64M","-1.11%"
"09/03/2020","312.95","313.62","314.38","312.39","781.10M","0.05%"
"09/02/2020","312.80","307.94","312.80","307.55","690.48M","1.77%"
"09/01/2020","307.35","308.54","309.42","305.70","647.80M","-0.33%"
"08/31/2020","308.36","311.74","312.76","308.31","878.05M","-0.78%"
"08/28/2020","310.77","311.22","312.87","309.72","1.23B","0.30%"
"08/27/2020","309.84","308.23","310.20","308.03","955.75M","0.64%"
"08/26/2020","307.86","306.31","308.65","305.93","640.00M","0.35%"
"08/25/2020","306.80","306.80","308.08","305.50","900.49M","0.34%"
"08/24/2020","305.76","303.20","306.22","302.08","782.75M","1.13%"
"08/21/2020","302.33","302.00","303.00","300.68","1.64B","0.58%"
"08/20/2020","300.60","298.37","300.96","297.09","884.99M","0.19%"
"08/19/2020","300.02","304.77","306.55","297.86","1.78B","-1.51%"
"08/18/2020","304.63","304.43","306.20","303.57","2.34B","0.27%"
"08/17/2020","303.81","307.60","308.08","302.89","688.18M","-1.27%"
"08/14/2020","307.71","311.42","311.96","306.69","809.29M","-1.24%"
"08/13/2020","311.57","316.20","316.55","311.32","913.83M","-0.57%"
"08/11/2020","313.37","315.83","316.79","313.37","677.33M","-0.05%"
"08/10/2020","313.54","311.44","314.23","311.10","674.23M","1.32%"
"08/07/2020","309.47","310.53","311.53","308.28","644.16M","0.03%"
"08/06/2020","309.38","309.02","312.27","308.77","841.34M","0.24%"
"08/05/2020","308.64","311.05","311.46","308.48","977.02M","-0.35%"
"08/04/2020","309.71","307.92","310.05","307.33","866.09M","1.29%"
"08/03/2020","305.77","302.71","306.13","302.06","617.79M","1.45%"
"07/31/2020","301.40","298.36","302.05","296.44","579.89M","1.12%"
"07/30/2020","298.07","304.00","305.74","296.78","643.02M","-1.59%"
"07/29/2020","302.88","304.57","305.95","302.88","536.03M","-0.33%"
"07/24/2020","303.89","305.05","305.96","302.73","687.90M","-0.47%"
"07/23/2020","305.33","304.58","307.64","304.42","522.40M","0.43%"
"07/22/2020","304.03","308.21","308.53","304.03","589.81M","-0.70%"
"07/21/2020","306.16","307.30","308.24","306.16","612.37M","0.27%"
"07/20/2020","305.34","303.44","305.90","303.34","658.83M","1.00%"
"07/17/2020","302.33","300.93","302.93","300.76","408.65M","0.93%"
"07/16/2020","299.54","298.91","301.12","297.48","450.83M","0.47%"
"07/15/2020","298.14","297.38","299.02","296.89","487.61M","1.35%"
"07/14/2020","294.17","295.25","296.14","292.52","619.39M","-1.08%"
"07/13/2020","297.38","305.00","305.93","297.28","752.78M","-1.77%"
"07/10/2020","302.74","305.50","306.57","302.74","747.06M","-1.17%"
"07/09/2020","306.32","305.87","307.02","304.85","882.08M","0.37%"
"07/08/2020","305.18","303.03","306.40","302.86","744.51M","0.76%"
"07/07/2020","302.87","304.79","306.37","302.87","767.17M","-0.06%"
"07/03/2020","303.04","302.37","304.04","301.74","661.64M","0.36%"
"07/02/2020","301.94","300.24","302.71","299.18","537.64M","1.04%"
"07/01/2020","298.82","298.03","299.66","296.82","497.91M","0.32%"
"06/30/2020","297.87","294.60","297.87","294.58","634.77M","1.50%"
"06/29/2020","293.48","293.87","294.66","291.31","541.86M","-0.84%"
"06/26/2020","295.96","297.02","299.36","295.45","904.78M","0.22%"
"06/25/2020","295.30","295.22","296.27","291.33","754.71M","-1.29%"
"06/24/2020","299.16","305.23","307.07","298.97","963.73M","-1.32%"
"06/23/2020","303.16","302.00","304.20","301.88","925.63M","1.04%"
"06/22/2020","300.05","302.26","303.12","298.94","832.48M","-0.73%"
"06/19/2020","302.25","300.91","302.69","300.52","845.04M","1.08%"
"06/18/2020","299.01","294.93","299.86","294.57","667.97M","1.25%"
"06/17/2020","295.31","292.63","295.95","291.84","495.47M","1.60%"
"06/16/2020","290.67","293.51","295.52","290.58","670.94M","0.29%"
"06/15/2020","289.83","295.02","296.89","289.83","866.85M","-1.60%"
"06/12/2020","294.55","288.31","295.99","286.15","988.19M","-0.52%"
"06/11/2020","296.08","296.27","298.78","292.79","1.08B","-0.10%"
"06/10/2020","296.37","292.97","296.37","291.30","1.20B","1.43%"
"06/09/2020","292.18","296.21","299.67","290.80","1.64B","-1.08%"
"06/08/2020","295.38","296.83","297.91","294.57","926.35M","0.30%"
"06/05/2020","294.49","294.41","295.06","292.21","717.98M","0.68%"
"06/04/2020","292.51","291.84","293.28","291.11","675.27M","1.14%"
"06/02/2020","289.21","288.83","289.93","288.45","533.41M","0.56%"
"06/01/2020","287.60","286.31","288.93","286.02","592.16M","0.96%"
"05/29/2020","284.87","284.36","286.54","282.91","455.20M","0.09%"
"05/28/2020","284.60","287.51","287.85","284.02","780.97M","-0.35%"
"05/27/2020","285.59","284.49","287.14","282.98","848.65M","1.16%"
"05/26/2020","282.31","281.77","283.68","281.18","746.81M","1.21%"
"05/25/2020","278.94","275.56","280.19","274.90","683.67M","1.93%"
"05/22/2020","273.67","275.10","275.71","269.85","892.34M","-0.49%"
"05/21/2020","275.03","278.44","279.53","275.03","983.87M","-0.37%"
"05/20/2020","276.04","272.09","276.74","272.01","810.73M","1.94%"
"05/19/2020","270.78","269.80","272.73","269.20","709.06M","1.58%"
"05/18/2020","266.56","265.82","267.73","265.21","716.85M","1.09%"
"05/15/2020","263.69","263.96","265.09","263.02","979.06M","0.42%"
"05/14/2020","262.58","263.89","263.94","261.64","827.40M","-0.29%"
"05/13/2020","263.35","263.16","264.75","261.61","886.64M","1.00%"
"05/12/2020","260.74","257.95","262.14","257.72","653.10M","1.14%"
"05/11/2020","257.80","255.06","259.21","255.00","593.68M","1.55%"
"05/08/2020","253.86","252.41","255.53","252.38","802.01M","0.96%"
"05/07/2020","251.44","255.60","255.87","251.05","1.26B","-1.38%"
"05/05/2020","254.97","254.41","256.62","253.88","924.58M","-0.48%"
"04/30/2020","256.19","255.71","257.13","254.96","551.14M","0.57%"
"04/29/2020","254.73","252.84","255.34","252.81","447.04M","0.83%"
"04/28/2020","252.64","253.40","254.15","251.91","615.00M","0.01%"
"04/27/2020","252.61","250.63","252.98","249.39","711.03M","1.68%"
"04/24/2020","248.44","249.55","250.49","247.00","740.67M","-0.22%"
"04/23/2020","248.99","248.04","249.96","247.44","826.93M","0.78%"
"04/22/2020","247.06","245.93","247.23","243.59","647.56M","0.66%"
"04/21/2020","245.43","243.70","246.85","242.61","649.76M","0.36%"
"04/20/2020","244.54","240.53","244.72","240.04","423.30M","1.73%"
"04/17/2020","240.38","238.67","240.38","237.33","643.57M","1.50%"
"04/16/2020","236.82","240.60","241.08","235.64","554.78M","-1.78%"
"04/15/2020","241.11","242.61","245.15","240.94","792.40M","-0.39%"
"04/14/2020","242.05","242.71","245.19","240.25","617.21M","0.74%"
"04/13/2020","240.28","238.19","240.28","237.09","618.71M","1.62%"
"04/10/2020","236.46","233.69","236.48","233.54","488.87M","1.82%"
"04/09/2020","232.23","231.59","236.22","230.90","1.20B","1.12%"
"04/08/2020","229.66","228.99","230.66","228.38","433.46M","0.51%"
"04/07/2020","228.49","222.51","228.90","222.51","1.08B","3.76%"
"04/03/2020","220.22","218.57","220.22","217.82","329.98M","1.30%"
"04/02/2020","217.40","215.88","217.40","215.09","348.31M","0.78%"
"04/01/2020","215.72","216.28","218.00","215.02","567.21M","-0.15%"
"03/31/2020","216.05","213.56","217.24","213.55","314.18M","1.84%"
"03/30/2020","212.14","213.80","213.87","211.28","202.38M","-1.15%"
"03/27/2020","214.60","214.87","217.05","213.89","424.46M","0.25%"
"03/26/2020","214.07","213.13","214.21","212.26","237.02M","0.47%"
"03/25/2020","213.07","212.52","214.44","212.38","397.65M","1.08%"
"03/24/2020","210.79","214.48","215.27","209.36","449.21M","-0.62%"
"03/23/2020","212.11","218.74","219.38","212.11","423.38M","-6.30%"
"03/20/2020","226.36","220.89","226.81","220.63","590.22M","3.95%"
"03/19/2020","217.75","217.81","218.18","214.62","321.63M","-0.61%"
"03/18/2020","219.09","219.66","222.79","218.64","361.14M","0.38%"
"03/17/2020","218.26","219.24","221.61","217.61","375.62M","-1.35%"
"03/16/2020","221.24","225.40","228.87","219.04","418.61M","-4.67%"
"03/13/2020","232.09","220.43","232.39","212.49","624.46M","-2.21%"
"03/12/2020","237.33","251.37","251.72","233.39","606.65M","-7.69%"
"03/11/2020","257.10","259.12","260.27","255.90","506.92M","-0.73%"
"03/10/2020","259.00","257.36","259.49","256.75","442.68M","0.68%"
"03/09/2020","257.25","261.57","262.06","255.30","759.00M","-4.49%"
"03/06/2020","269.34","267.74","269.44","266.86","573.59M","-0.29%"
"03/05/2020","270.12","267.55","273.20","267.55","1.07B","1.39%"
"03/04/2020","266.42","263.54","266.42","262.66","397.95M","0.78%"
"03/03/2020","264.37","261.08","264.94","260.87","767.89M","2.55%"
"03/02/2020","257.80","261.74","262.71","253.58","2.24B","-1.51%"
"02/28/2020","261.76","266.15","266.32","260.77","463.74M","-3.74%"
"02/27/2020","271.94","264.01","271.94","263.02","366.29M","2.81%"
"02/26/2020","264.52","278.70","279.12","264.52","720.52M","-6.21%"
"02/25/2020","282.04","285.28","286.23","277.83","536.50M","-1.72%"
"02/24/2020","286.99","296.85","296.99","286.99","482.28M","-3.85%"
"02/21/2020","298.49","297.79","298.49","295.40","228.51M","0.10%"
"02/20/2020","298.19","300.75","300.79","296.96","303.43M","-0.51%"
"02/19/2020","299.73","302.67","304.14","299.59","362.11M","-1.29%"
"02/18/2020","303.65","304.85","304.85","302.29","298.65M","-0.19%"
"02/17/2020","304.24","305.81","306.13","304.24","323.96M","-0.19%"
"02/14/2020","304.82","305.75","307.83","304.82","446.34M","-0.01%"
"02/13/2020","304.86","307.08","307.68","304.86","478.83M","-0.54%"
"02/12/2020","306.52","305.31","307.19","304.56","409.73M","0.67%"
"02/11/2020","304.48","304.34","305.41","303.69","350.85M","0.17%"
"02/07/2020","303.95","302.58","304.56","302.41","387.94M","0.38%"
"02/06/2020","302.79","302.77","303.56","301.26","276.93M","0.29%"
"02/05/2020","301.90","298.68","301.90","298.27","213.19M","1.26%"
"02/04/2020","298.14","297.08","299.46","296.85","223.78M","0.54%"
"02/03/2020","296.54","298.32","299.05","296.06","188.63M","-1.01%"
"01/31/2020","299.57","298.95","302.64","298.01","167.34M","0.23%"
"01/30/2020","298.89","298.73","299.91","297.49","133.75M","0.22%"
"01/29/2020","298.22","297.88","300.59","297.84","194.43M","0.37%"
"01/28/2020","297.12","298.35","301.24","296.70","361.46M","-0.90%"
"01/27/2020","299.81","302.99","303.14","298.71","392.01M","-2.21%"
"01/24/2020","306.60","307.26","308.82","306.51","265.00M","-0.17%"
"01/23/2020","307.12","305.89","307.12","305.58","389.80M","0.44%"
"01/22/2020","305.76","306.12","307.30","304.92","308.88M","-0.25%"
"01/21/2020","306.52","308.45","309.43","305.90","266.41M","-0.74%"
"01/20/2020","308.82","310.01","310.93","307.76","379.68M","0.01%"
"01/17/2020","308.80","309.48","311.67","308.77","524.35M","0.13%"
"01/16/2020","308.41","305.51","308.95","305.51","498.14M","1.17%"
"01/15/2020","304.83","304.70","305.70","303.79","238.12M","0.10%"
"01/14/2020","304.53","305.28","306.42","304.26","296.20M","-0.09%"
"01/13/2020","304.80","303.77","305.52","302.87","280.87M","0.35%"
"01/10/2020","303.75","304.53","305.44","302.85","359.51M","-0.01%"
"01/09/2020","303.78","301.15","304.42","300.96","371.86M","1.62%"
"01/08/2020","298.95","302.43","302.53","298.73","373.32M","-1.85%"
"01/07/2020","304.60","304.09","306.40","303.87","431.24M","0.23%"
"01/06/2020","303.89","309.49","309.62","302.41","407.15M","-2.47%"
"01/03/2020","311.58","312.63","313.57","310.69","336.90M","0.13%"
"01/02/2020","311.19","309.64","312.55","309.58","215.75M","0.50%"
"12/30/2019","309.64","308.29","310.45","308.25","172.15M","0.51%"
"12/27/2019","308.06","306.64","308.91","306.55","270.53M","0.52%"
"12/26/2019","306.47","306.92","307.32","306.23","393.84M","-0.05%"
"12/25/2019","306.62","306.86","307.71","306.07","201.38M","0.14%"
"12/24/2019","306.19","309.00","309.82","306.19","448.10M","-0.73%"
"12/23/2019","308.44","310.61","310.93","308.13","170.04M","-0.66%"
"12/20/2019","310.49","311.37","311.65","310.31","324.71M","-0.13%"
"12/19/2019","310.89","309.24","311.09","308.73","258.94M","0.45%"
"12/18/2019","309.51","309.00","310.85","308.62","1.60B","0.40%"
"12/17/2019","308.28","310.99","312.07","307.90","393.70M","-0.95%"
"12/16/2019","311.23","314.40","314.68","309.65","558.75M","-1.16%"
"12/13/2019","314.89","314.92","316.78","314.47","543.15M","0.38%"
"12/12/2019","313.70","310.54","314.27","310.52","440.13M","1.37%"
"12/11/2019","309.46","311.30","312.99","309.27","384.44M","-0.54%"
"12/09/2019","311.14","313.62","314.13","310.87","387.97M","-0.88%"
"12/06/2019","313.89","315.10","316.52","311.99","354.87M","-0.11%"
"12/04/2019","314.23","314.80","315.00","313.03","393.90M","-0.10%"
"12/03/2019","314.55","314.53","316.08","314.14","227.92M","-0.18%"
"12/02/2019","315.12","319.25","319.68","314.69","318.85M","-1.18%"
"11/29/2019","318.88","320.04","320.10","316.86","505.49M","-0.46%"
"11/28/2019","320.35","323.36","324.25","320.16","563.74M","-0.82%"
"11/27/2019","323.00","321.22","323.14","321.21","416.24M","0.56%"
"11/26/2019","321.20","322.45","322.91","321.20","378.33M","-0.17%"
"11/25/2019","321.76","320.68","321.89","320.13","434.72M","0.54%"
"11/22/2019","320.02","319.15","320.27","318.69","626.04M","0.43%"
"11/21/2019","318.65","321.03","321.76","318.56","273.27M","-0.68%"
"11/20/2019","320.83","322.54","323.53","320.21","266.94M","-0.40%"
"11/19/2019","322.13","322.02","323.05","321.19","307.17M","0.27%"
"11/18/2019","321.26","319.75","321.26","319.13","275.02M","0.55%"
"11/15/2019","319.49","323.25","324.23","318.35","519.46M","-0.84%"
"11/14/2019","322.21","325.54","325.86","321.79","675.48M","-0.96%"
"11/13/2019","325.32","329.21","329.57","324.77","442.98M","-1.30%"
"11/12/2019","329.59","331.56","331.87","329.20","364.67M","-0.47%"
"11/11/2019","331.15","333.08","333.88","330.69","244.50M","-0.44%"
"11/08/2019","332.63","331.69","333.49","330.76","369.41M","0.62%"
"11/07/2019","330.59","329.30","330.59","328.48","325.64M","0.60%"
"11/06/2019","328.62","326.13","328.62","325.99","438.92M","1.00%"
"11/05/2019","325.36","325.53","326.78","324.67","581.02M","0.06%"
"11/04/2019","325.15","322.70","325.50","322.59","459.03M","0.55%"
"11/01/2019","323.37","326.21","326.59","322.34","351.38M","-0.64%"
"10/31/2019","325.46","322.87","325.69","322.84","298.70M","0.97%"
"10/30/2019","322.34","322.57","323.85","321.64","211.24M","0.08%"
"10/29/2019","322.09","324.68","326.14","322.09","278.90M","-0.74%"
"10/28/2019","324.49","326.43","326.53","322.42","316.85M","-0.53%"
"10/25/2019","326.21","334.09","334.45","326.21","376.14M","-2.36%"
"10/24/2019","334.08","337.31","338.39","334.06","308.52M","-0.70%"
"10/22/2019","336.43","335.55","336.86","334.78","369.35M","0.37%"
"10/21/2019","335.20","337.18","338.29","335.00","214.91M","-0.46%"
"10/18/2019","336.74","336.18","337.68","335.20","320.44M","0.12%"
"10/17/2019","336.35","336.73","338.63","336.15","314.86M","-0.06%"
"10/16/2019","336.54","335.81","337.48","335.64","266.17M","0.40%"
"10/15/2019","335.20","336.98","337.33","335.20","293.16M","-0.40%"
"10/11/2019","336.53","335.48","336.53","334.82","306.40M","0.41%"
"10/10/2019","335.15","335.23","335.70","334.08","318.05M","0.15%"
"10/09/2019","334.66","336.40","336.90","333.66","527.57M","-0.65%"
"10/08/2019","336.84","339.00","339.61","336.32","724.11M","-0.57%"
"10/07/2019","338.76","337.60","340.96","337.58","359.62M","0.43%"
"10/04/2019","337.32","341.12","342.40","337.13","499.35M","-0.91%"
"10/03/2019","340.41","340.76","342.48","339.72","376.85M","-0.19%"
"10/02/2019","341.05","343.16","343.91","340.95","395.32M","-0.73%"
"10/01/2019","343.56","346.26","347.30","343.56","468.04M","-0.60%"
"09/30/2019","345.62","346.58","347.89","345.62","287.14M","0.00%"
"09/27/2019","345.63","345.83","347.26","344.77","260.87M","-0.14%"
"09/26/2019","346.10","345.19","347.17","344.12","305.88M","0.49%"
"09/25/2019","344.40","344.34","344.99","343.09","835.79M","0.16%"
"09/24/2019","343.86","345.21","347.07","343.13","325.97M","-0.33%"
"09/23/2019","344.99","346.68","347.08","344.21","341.73M","-0.51%"
"09/20/2019","346.76","349.40","349.82","345.85","242.35M","-0.71%"
"09/19/2019","349.25","355.00","355.28","349.05","337.46M","-1.42%"
"09/18/2019","354.28","354.46","355.03","352.55","376.77M","0.20%"
"09/17/2019","353.58","353.40","355.62","352.54","418.73M","0.09%"
"09/16/2019","353.27","354.55","355.31","352.81","258.47M","-0.32%"
"09/13/2019","354.40","353.83","354.71","353.32","227.94M","0.32%"
"09/12/2019","353.28","354.44","355.94","353.07","273.86M","-0.17%"
"09/11/2019","353.87","352.59","355.49","352.59","317.42M","0.20%"
"09/10/2019","353.18","353.62","354.67","352.72","369.73M","0.03%"
"09/09/2019","353.09","353.94","354.65","353.07","361.14M","-0.29%"
"09/06/2019","354.12","355.78","356.19","353.40","368.58M","-0.17%"
"09/05/2019","354.72","354.80","355.44","353.30","384.70M","0.45%"
"09/04/2019","353.14","353.06","354.75","352.03","396.41M","0.30%"
"09/03/2019","352.09","353.68","354.72","351.93","381.06M","-0.41%"
"09/02/2019","353.53","352.85","354.94","351.95","327.63M","0.23%"
"08/30/2019","352.72","352.56","353.82","351.76","3.27B","0.54%"
"08/29/2019","350.84","348.52","350.84","348.36","379.77M","1.06%"
"08/28/2019","347.17","346.36","349.55","346.36","483.54M","0.38%"
"08/27/2019","345.84","346.94","349.64","345.28","367.07M","0.04%"
"08/26/2019","345.69","346.42","346.97","344.53","391.11M","-1.54%"
"08/23/2019","351.11","349.10","352.36","348.93","436.65M","0.70%"
"08/22/2019","348.66","349.70","351.81","348.50","348.09M","-0.29%"
"08/21/2019","349.69","348.74","350.96","347.90","473.74M","0.49%"
"08/20/2019","347.98","351.78","352.89","347.85","341.13M","-0.83%"
"08/19/2019","350.88","351.42","353.19","350.61","307.29M","0.25%"
"08/16/2019","350.02","343.59","350.02","343.54","567.70M","2.11%"
"08/15/2019","342.80","342.34","344.19","338.66","458.66M","-0.81%"
"08/14/2019","345.59","351.37","353.76","344.50","550.37M","-1.04%"
"08/13/2019","349.21","356.83","357.35","349.21","387.24M","-2.35%"
"08/09/2019","357.63","365.08","365.48","357.14","404.28M","-1.54%"
"08/08/2019","363.24","364.29","365.61","362.33","484.21M","-0.29%"
"08/07/2019","364.28","363.83","366.93","363.76","421.96M","0.76%"
"08/06/2019","361.53","359.51","362.93","356.16","424.51M","0.07%"
"08/05/2019","361.29","363.35","366.01","360.79","384.29M","-0.53%"
"08/02/2019","363.21","361.37","364.42","360.23","625.57M","-0.47%"
"08/01/2019","364.94","368.90","369.83","364.03","552.39M","-1.14%"
"07/31/2019","369.16","366.90","371.13","366.82","736.15M","0.50%"
"07/30/2019","367.32","373.00","374.08","366.82","554.85M","-1.61%"
"07/26/2019","373.33","375.69","377.38","373.13","625.76M","-0.34%"
"07/25/2019","374.62","376.94","378.89","374.61","609.03M","-0.42%"
"07/24/2019","376.20","374.66","377.18","374.66","676.73M","0.49%"
"07/23/2019","374.38","377.34","378.51","373.70","862.92M","-0.43%"
"07/22/2019","376.00","375.67","378.15","374.69","629.11M","0.22%"
"07/19/2019","375.18","376.22","377.64","374.31","699.23M","0.36%"
"07/18/2019","373.83","370.70","374.27","370.57","889.82M","0.57%"
"07/17/2019","371.70","376.95","377.20","371.02","1.02B","-1.11%"
"07/15/2019","375.89","376.17","378.21","375.21","910.69M","0.37%"
"07/12/2019","374.51","376.10","378.00","372.04","695.59M","-0.17%"
"07/11/2019","375.16","373.94","375.51","373.82","797.07M","0.87%"
"07/10/2019","371.94","367.89","373.00","367.70","1.07B","1.43%"
"07/09/2019","366.69","368.94","370.52","365.84","1.13B","-0.35%"
"07/08/2019","367.99","367.46","368.76","365.19","900.36M","0.96%"
"07/05/2019","364.48","360.62","365.22","360.23","594.18M","1.13%"
"07/04/2019","360.40","365.92","367.88","359.00","629.09M","-1.16%"
"07/03/2019","364.64","362.37","365.22","362.14","622.28M","0.36%"
"07/02/2019","363.35","363.33","364.98","360.99","683.70M","0.10%"
"07/01/2019","362.99","362.92","365.39","360.96","822.37M","-0.16%"
"06/28/2019","363.58","365.53","368.00","363.58","378.41M","-0.26%"
"06/27/2019","364.52","363.68","367.42","363.54","685.11M","0.33%"
"06/26/2019","363.32","364.39","365.28","362.44","314.41M","0.11%"
"06/25/2019","362.91","360.76","364.64","360.18","426.98M","0.52%"
"06/24/2019","361.04","359.33","361.43","359.26","483.20M","0.48%"
"06/21/2019","359.30","359.98","361.95","359.30","515.80M","0.08%"
"06/20/2019","359.01","360.62","361.40","358.52","513.70M","-0.36%"
"06/19/2019","360.31","358.14","362.29","358.13","533.22M","0.88%"
"06/18/2019","357.18","356.70","358.11","354.76","522.37M","0.59%"
"06/17/2019","355.07","356.75","358.16","355.06","469.49M","-0.22%"
"06/14/2019","355.84","355.57","357.82","355.19","484.47M","0.38%"
"06/13/2019","354.51","353.76","356.41","353.14","532.08M","0.50%"
"06/12/2019","352.76","350.05","354.46","349.52","808.13M","0.91%"
"06/11/2019","349.57","351.46","351.50","348.97","909.98M","-0.32%"
"06/10/2019","350.70","347.55","351.47","347.51","1.51B","1.11%"
"06/07/2019","346.84","346.07","347.91","345.88","374.25M","0.45%"
"06/06/2019","345.29","344.09","345.50","343.22","216.26M","0.58%"
"06/05/2019","343.29","340.62","344.31","340.57","217.78M","0.53%"
"06/04/2019","341.49","339.25","342.50","339.09","245.74M","0.49%"
"05/31/2019","339.82","340.91","341.19","338.83","272.22M","-0.24%"
"05/30/2019","340.63","340.92","342.58","339.93","1.38B","0.02%"
"05/29/2019","340.55","340.88","342.07","340.39","404.34M","-0.08%"
"05/28/2019","340.83","341.16","345.64","340.31","185.07M","0.08%"
"05/27/2019","340.55","339.82","341.29","336.32","158.86M","0.35%"
"05/24/2019","339.36","338.41","341.10","337.91","155.57M","0.09%"
"05/23/2019","339.07","339.96","341.81","338.48","239.90M","-0.32%"
"05/22/2019","340.17","338.42","341.04","338.38","240.18M","0.68%"
"05/21/2019","337.87","338.34","339.24","336.47","465.56M","-0.43%"
"05/17/2019","339.33","341.92","343.10","339.33","230.13M","-0.46%"
"05/16/2019","340.91","344.96","345.37","339.34","318.80M","-1.45%"
"05/15/2019","345.94","351.82","352.41","345.44","262.27M","-1.65%"
"05/14/2019","351.75","353.58","353.67","350.49","310.45M","-0.91%"
"05/13/2019","354.98","357.98","358.83","354.91","297.74M","-0.69%"
"05/10/2019","357.43","360.14","362.25","356.84","374.98M","-0.53%"
"05/09/2019","359.32","359.00","361.29","358.92","1.97B","0.17%"
"05/08/2019","358.71","362.32","362.36","358.62","643.45M","-1.05%"
"05/07/2019","362.52","364.05","365.03","362.50","240.45M","-0.96%"
"05/03/2019","366.04","366.16","366.77","365.29","310.77M","0.02%"
"05/02/2019","365.96","366.35","368.59","365.96","324.89M","-0.05%"
"04/30/2019","366.15","366.92","368.14","365.37","354.65M","-0.39%"
"04/29/2019","367.58","366.41","369.53","366.24","248.14M","0.56%"
"04/26/2019","365.54","366.86","368.48","365.53","272.76M","-0.37%"
"04/25/2019","366.91","367.75","369.15","366.41","270.20M","-0.29%"
"04/24/2019","367.98","368.58","369.79","367.57","221.24M","-0.05%"
"04/23/2019","368.17","369.07","370.33","368.11","247.36M","-0.13%"
"04/22/2019","368.65","369.61","370.56","368.51","334.70M","0.05%"
"04/19/2019","368.48","368.84","369.97","368.48","317.35M","0.28%"
"04/18/2019","367.46","366.04","368.22","366.01","311.68M","0.36%"
"04/17/2019","366.13","364.36","366.89","364.12","279.30M","0.64%"
"04/12/2019","363.81","363.37","365.94","362.88","258.55M","0.10%"
"04/11/2019","363.43","363.59","364.74","363.15","455.79M","-0.13%"
"04/10/2019","363.90","365.23","365.49","363.51","360.03M","-0.37%"
"04/09/2019","365.25","366.97","367.30","364.65","327.36M","-0.23%"
"04/05/2019","366.10","366.12","368.46","365.92","307.80M","0.09%"
"04/04/2019","365.78","367.54","367.74","365.46","304.86M","-0.42%"
"04/03/2019","367.34","368.47","368.67","366.73","291.95M","-0.07%"
"04/02/2019","367.61","366.82","368.70","366.75","358.65M","0.51%"
"04/01/2019","365.75","364.94","366.95","364.86","257.16M","0.45%"
"03/29/2019","364.12","366.04","366.91","364.06","212.68M","-0.28%"
"03/28/2019","365.16","364.20","367.09","363.74","282.82M","0.33%"
"03/27/2019","363.95","364.13","365.69","363.65","264.06M","-0.15%"
"03/26/2019","364.51","363.30","364.77","362.63","219.98M","0.50%"
"03/25/2019","362.70","364.42","364.50","361.44","160.58M","-0.73%"
"03/22/2019","365.37","365.92","366.91","365.14","303.82M","0.01%"
"03/21/2019","365.34","364.97","366.82","364.90","238.39M","-0.19%"
"03/20/2019","366.03","365.11","366.53","364.74","270.21M","0.43%"
"03/19/2019","364.46","362.57","366.38","362.57","259.18M","0.57%"
"03/18/2019","362.40","365.42","365.89","362.33","260.49M","-0.86%"
"03/15/2019","365.55","368.45","369.07","365.55","364.45M","-0.59%"
"03/14/2019","367.73","367.83","368.72","367.45","407.47M","0.09%"
"03/13/2019","367.39","368.78","368.87","366.46","844.36M","-0.30%"
"03/12/2019","368.51","370.99","371.54","368.34","381.47M","-0.57%"
"03/11/2019","370.61","371.44","372.42","370.12","214.00M","-0.16%"
"03/08/2019","371.20","371.46","373.06","370.47","314.41M","-0.01%"
"03/07/2019","371.25","369.86","372.31","369.81","462.79M","0.03%"
"03/06/2019","371.13","373.28","374.19","371.09","781.97M","-0.38%"
"03/05/2019","372.55","375.20","375.34","372.55","594.32M","-0.75%"
"03/04/2019","375.37","376.98","377.45","375.11","420.61M","-0.30%"
"03/01/2019","376.51","379.51","380.26","376.15","589.20M","-0.81%"
"02/28/2019","379.59","384.32","385.62","379.30","850.55M","-1.67%"
"02/27/2019","386.02","384.78","386.40","384.33","467.37M","0.53%"
"02/26/2019","383.99","387.31","387.54","383.99","450.32M","-0.54%"
"02/25/2019","386.06","385.71","387.90","385.61","527.56M","0.47%"
"02/22/2019","384.27","384.02","385.67","383.75","606.23M","0.36%"
"02/21/2019","382.90","383.84","385.87","382.81","494.03M","-0.04%"
"02/20/2019","383.06","383.55","385.09","383.00","404.92M","0.07%"
"02/18/2019","382.78","384.53","386.37","382.78","737.08M","-0.11%"
"02/15/2019","383.22","387.02","388.53","383.22","502.17M","-0.88%"
"02/14/2019","386.64","387.18","389.05","386.64","580.64M","0.01%"
"02/13/2019","386.62","386.53","389.13","385.84","670.21M","0.56%"
"02/12/2019","384.48","383.63","387.08","383.56","550.08M","0.27%"
"02/11/2019","383.46","386.70","387.34","382.30","496.50M","-0.50%"
"02/08/2019","385.38","384.52","386.24","382.29","510.29M","-0.05%"
"02/07/2019","385.58","387.98","391.12","384.76","716.45M","-0.11%"
"02/06/2019","386.01","386.69","390.72","386.01","1.14B","0.01%"
"02/05/2019","385.99","386.74","388.53","385.47","979.86M","0.16%"
"02/04/2019","385.37","384.12","386.76","384.07","672.09M","0.90%"
"02/01/2019","381.93","381.95","385.90","381.53","706.18M","0.39%"
"01/31/2019","380.45","381.35","383.43","380.25","836.96M","1.27%"
"01/30/2019","375.67","372.63","376.57","372.56","859.81M","1.22%"
"01/29/2019","371.14","372.30","374.09","370.94","937.57M","-0.33%"
"01/28/2019","372.38","372.47","375.35","370.45","676.37M","0.26%"
"01/25/2019","371.40","369.23","372.49","368.94","440.03M","0.93%"
"01/24/2019","367.99","367.28","369.83","367.16","476.22M","0.65%"
"01/23/2019","365.60","362.10","366.61","361.86","476.11M","1.12%"
"01/22/2019","361.55","357.74","361.55","357.46","531.89M","1.16%"
"01/21/2019","357.41","361.92","363.61","356.93","404.15M","-0.06%"
"01/18/2019","357.62","357.22","358.97","356.77","561.92M","0.23%"
"01/17/2019","356.79","357.49","359.86","356.71","410.20M","-0.21%"
"01/16/2019","357.53","361.25","362.28","356.96","641.04M","-0.86%"
"01/15/2019","360.64","362.23","363.40","359.65","454.68M","-0.24%"
"01/14/2019","361.51","363.65","363.83","361.22","426.17M","-0.13%"
"01/11/2019","361.97","357.75","362.15","357.74","504.87M","1.44%"
"01/10/2019","356.82","358.86","360.64","355.74","341.75M","-0.58%"
"01/09/2019","358.89","361.17","362.82","358.64","474.19M","-0.41%"
"01/08/2019","360.38","359.90","360.66","358.98","452.91M","0.24%"
"01/07/2019","359.52","357.66","360.09","357.59","292.39M","0.67%"
"01/04/2019","357.11","355.42","357.26","353.42","303.40M","0.61%"
"01/03/2019","354.95","355.23","357.57","353.74","245.78M","0.01%"
"01/02/2019","354.90","355.46","357.14","354.05","171.66M","-0.43%"
"12/28/2018","356.44","356.12","357.05","353.47","331.46M","0.30%"
"12/27/2018","355.36","356.45","360.55","355.36","338.98M","0.41%"
"12/26/2018","353.91","354.28","356.51","352.93","408.62M","0.05%"
"12/25/2018","353.72","360.80","361.12","353.72","346.20M","-2.39%"
"12/24/2018","362.39","366.41","368.33","362.01","231.08M","-1.29%"
"12/21/2018","367.14","363.87","368.31","362.31","362.88M","0.66%"
"12/20/2018","364.72","369.30","369.45","363.62","385.44M","-1.32%"
"12/19/2018","369.59","370.16","371.73","369.49","302.72M","-0.14%"
"12/18/2018","370.10","375.34","377.18","366.78","353.56M","-1.67%"
"12/17/2018","376.40","384.12","385.19","374.51","357.54M","-2.04%"
"12/14/2018","384.24","390.11","391.10","384.24","314.79M","-1.59%"
"12/13/2018","390.44","394.19","397.06","389.94","305.10M","-0.71%"
"12/12/2018","393.24","395.30","397.36","393.24","3.81B","-0.32%"
"12/11/2018","394.52","397.06","399.80","393.98","3.28B","-0.75%"
"12/07/2018","397.49","396.50","400.83","396.26","387.16M","0.38%"
"12/06/2018","396.00","397.22","398.14","395.63","283.18M","-0.76%"
"12/04/2018","399.03","399.98","402.10","398.26","267.14M","-0.13%"
"12/03/2018","399.55","401.75","403.05","398.86","262.91M","-0.32%"
"11/30/2018","400.82","400.55","402.55","397.55","422.70M","0.09%"
"11/29/2018","400.46","403.27","405.00","400.20","510.45M","-0.42%"
"11/28/2018","402.13","400.64","403.48","400.35","348.17M","0.53%"
"11/27/2018","400.02","399.93","401.74","399.58","280.14M","0.07%"
"11/26/2018","399.73","399.72","400.68","398.86","244.91M","0.14%"
"11/23/2018","399.19","396.79","399.44","396.25","322.37M","0.74%"
"11/22/2018","396.27","400.81","402.92","396.27","344.52M","-1.00%"
"11/21/2018","400.26","397.52","401.14","396.21","416.70M","0.23%"
"11/20/2018","399.36","403.81","404.53","398.23","614.01M","-1.32%"
"11/19/2018","404.72","407.51","407.94","404.06","528.50M","-0.79%"
"11/16/2018","407.95","410.26","412.24","406.99","387.78M","-0.45%"
"11/15/2018","409.80","414.66","415.17","409.74","448.63M","-0.87%"
"11/14/2018","413.40","415.65","417.24","412.63","613.67M","-0.62%"
"11/13/2018","415.97","414.32","415.97","413.16","288.82M","0.00%"
"11/12/2018","415.98","419.51","420.95","415.30","245.42M","-0.69%"
"11/09/2018","418.86","422.59","422.68","418.36","258.42M","-0.73%"
"11/08/2018","421.96","422.33","424.32","421.96","542.50M","0.08%"
"11/07/2018","421.62","422.90","423.87","419.50","425.81M","-0.44%"
"11/06/2018","423.49","424.46","426.73","421.79","472.88M","-0.18%"
"11/05/2018","424.25","425.58","426.08","423.98","349.67M","-0.32%"
"11/02/2018","425.62","423.75","426.72","423.10","316.18M","0.66%"
"11/01/2018","422.82","424.41","424.90","421.13","276.78M","0.00%"
"10/31/2018","422.81","417.41","422.81","417.41","633.00M","1.47%"
"10/30/2018","416.68","414.84","417.15","414.03","347.63M","0.47%"
"10/29/2018","414.72","414.27","416.80","413.54","398.84M","0.25%"
"10/26/2018","413.69","414.63","415.07","412.47","319.93M","-0.02%"
"10/25/2018","413.76","408.25","414.08","404.23","508.24M","0.33%"
"10/24/2018","412.38","420.32","420.60","410.96","596.88M","-2.35%"
"10/22/2018","422.29","426.16","427.42","421.60","392.04M","-1.05%"
"10/19/2018","426.79","430.82","430.82","425.37","788.98M","-1.02%"
"10/18/2018","431.19","435.22","435.33","430.18","396.93M","-0.96%"
"10/17/2018","435.37","437.67","439.79","435.18","508.93M","-0.19%"
"10/16/2018","436.21","436.25","439.20","435.87","406.93M","0.14%"
"10/12/2018","435.62","432.69","438.39","432.62","641.60M","0.71%"
"10/11/2018","432.54","433.19","433.69","429.99","659.55M","-1.76%"
"10/10/2018","440.30","443.74","446.51","439.68","426.51M","-0.38%"
"10/09/2018","441.99","441.87","446.73","440.43","4.67B","-0.07%"
"10/08/2018","442.29","448.61","452.72","442.01","1.05B","-1.58%"
"10/05/2018","449.37","450.23","453.23","448.65","394.11M","-0.13%"
"10/04/2018","449.94","453.07","453.87","448.78","599.09M","-0.88%"
"10/03/2018","453.92","456.23","459.51","453.31","802.50M","-0.32%"
"10/02/2018","455.39","456.85","459.78","455.31","658.26M","0.01%"
"10/01/2018","455.36","456.63","458.98","455.36","1.09B","-0.22%"
"09/28/2018","456.38","454.02","457.78","453.93","1.05B","0.59%"
"09/27/2018","453.69","453.37","454.53","451.57","566.17M","0.41%"
"09/26/2018","451.82","452.73","454.07","451.20","495.03M","0.38%"
"09/25/2018","450.09","452.76","454.37","450.09","709.20M","-0.46%"
"09/24/2018","452.16","452.03","454.10","451.28","549.74M","0.27%"
"09/21/2018","450.94","452.40","454.83","450.94","495.82M","0.14%"
"09/20/2018","450.31","450.81","452.11","449.39","738.68M","0.64%"
"09/19/2018","447.44","447.56","450.74","447.15","678.03M","0.25%"
"09/18/2018","446.32","445.42","448.28","445.25","694.61M","0.43%"
"09/17/2018","444.43","443.38","446.13","443.00","511.74M","0.41%"
"09/14/2018","442.61","442.36","445.91","441.77","615.05M","0.43%"
"09/13/2018","440.70","440.26","444.81","440.07","710.78M","0.14%"
"09/12/2018","440.07","440.02","441.33","437.80","594.00M","0.57%"
"09/11/2018","437.56","439.97","443.08","437.50","758.80M","-0.37%"
"09/10/2018","439.17","436.14","439.42","435.94","505.65M","0.73%"
"09/07/2018","435.97","436.68","438.40","435.97","355.30M","-0.05%"
"09/06/2018","436.18","435.94","438.65","433.35","369.06M","0.16%"
"09/05/2018","435.49","441.37","442.52","434.80","686.70M","-1.64%"
"09/04/2018","442.76","441.18","443.34","440.41","507.77M","0.61%"
"09/03/2018","440.07","440.03","442.98","439.40","430.43M","0.24%"
"08/31/2018","439.01","439.37","439.91","438.41","439.80M","-0.10%"
"08/30/2018","439.44","439.08","440.24","437.84","657.38M","0.32%"
"08/29/2018","438.02","436.66","438.93","436.31","725.60M","0.44%"
"08/28/2018","436.08","435.80","437.53","434.53","998.00M","0.52%"
"08/27/2018","433.83","433.47","435.46","432.88","352.90M","0.15%"
"08/24/2018","433.16","434.89","436.14","432.54","333.53M","-0.19%"
"08/23/2018","433.97","435.26","436.08","433.85","521.35M","-0.06%"
"08/22/2018","434.25","434.25","436.97","434.04","374.56M","-0.02%"
"08/21/2018","434.33","436.02","437.56","433.01","420.51M","-0.27%"
"08/20/2018","435.50","435.24","437.83","435.10","456.72M","0.20%"
"08/17/2018","434.63","433.76","436.95","433.09","538.37M","0.30%"
"08/16/2018","433.32","433.12","433.76","431.82","1.15B","0.07%"
"08/15/2018","433.00","437.23","437.66","432.50","971.30M","-0.89%"
"08/14/2018","436.91","435.70","437.74","434.14","881.75M","-0.12%"
"08/10/2018","437.42","444.76","445.09","437.11","979.52M","-1.24%"
"08/09/2018","442.91","446.06","448.60","441.71","809.55M","-0.47%"
"08/08/2018","445.01","446.25","449.06","444.86","997.28M","-0.22%"
"08/07/2018","446.01","444.93","447.75","443.25","1.07B","0.78%"
"08/06/2018","442.58","446.29","449.21","442.40","637.07M","-0.45%"
"08/03/2018","444.57","444.32","446.95","443.92","726.08M","0.47%"
"08/02/2018","442.50","442.02","445.03","441.13","653.93M","0.27%"
"08/01/2018","441.31","437.74","442.88","437.64","741.56M","0.85%"
"07/31/2018","437.59","438.02","441.71","437.17","611.34M","0.11%"
"07/26/2018","437.13","436.24","438.57","435.31","697.23M","0.52%"
"07/25/2018","434.86","434.15","437.28","434.02","594.08M","0.48%"
"07/24/2018","432.79","433.69","437.35","431.95","494.14M","0.02%"
"07/23/2018","432.69","434.08","434.68","432.21","345.29M","0.29%"
"07/20/2018","431.45","429.03","433.53","428.72","476.36M","0.75%"
"07/19/2018","428.23","428.47","430.42","427.75","551.81M","0.12%"
"07/18/2018","427.73","425.42","429.43","425.17","528.69M","0.95%"
"07/17/2018","423.72","425.60","427.72","423.12","546.39M","-0.21%"
"07/16/2018","424.62","430.47","431.31","424.62","311.90M","-1.12%"
"07/13/2018","429.41","429.76","432.53","429.04","385.47M","0.40%"
"07/12/2018","427.71","425.26","429.31","424.64","362.13M","0.49%"
"07/11/2018","425.61","423.24","426.86","421.91","477.15M","0.47%"
"07/10/2018","423.62","421.73","424.20","419.84","261.23M","1.00%"
"07/09/2018","419.44","419.71","422.80","419.01","285.76M","0.08%"
"07/06/2018","419.12","413.16","419.38","412.00","315.81M","1.50%"
"07/05/2018","412.91","424.80","424.85","411.91","339.91M","-2.62%"
"07/04/2018","424.00","426.75","429.18","423.62","359.99M","-0.63%"
"07/03/2018","426.69","420.37","427.27","420.08","382.35M","1.62%"
"07/02/2018","419.89","417.37","420.27","415.96","347.45M","0.80%"
"06/29/2018","416.57","426.07","426.45","415.11","579.60M","-2.12%"
"06/28/2018","425.59","434.20","435.00","425.58","720.40M","-1.72%"
"06/27/2018","433.05","435.99","440.13","432.83","604.05M","-0.56%"
"06/26/2018","435.48","434.28","437.22","433.58","757.83M","-0.20%"
"06/25/2018","436.36","439.66","442.90","435.11","1.27B","-0.78%"
"06/22/2018","439.77","440.66","443.69","439.23","455.07M","-0.26%"
"06/21/2018","440.91","449.75","449.89","440.61","861.69M","-1.80%"
"06/20/2018","449.00","444.58","450.03","444.51","767.77M","1.05%"
"06/19/2018","444.32","454.35","454.35","442.62","838.61M","-2.41%"
"06/18/2018","455.29","461.50","462.00","455.29","517.21M","-1.39%"
"06/15/2018","461.71","462.57","463.73","460.41","593.24M","-0.15%"
"06/14/2018","462.39","466.33","466.60","461.42","694.65M","-0.70%"
"06/13/2018","465.63","465.58","468.33","464.32","687.49M","0.10%"
"06/12/2018","465.18","463.35","467.53","462.93","707.35M","0.54%"
"06/11/2018","462.70","462.37","464.05","461.25","487.57M","0.20%"
"06/08/2018","461.76","460.71","463.41","460.62","720.41M","0.63%"
"06/07/2018","458.86","459.67","462.29","458.86","735.99M","0.10%"
"06/06/2018","458.41","456.74","460.45","456.67","318.34M","0.50%"
"06/05/2018","456.11","457.73","460.91","452.70","370.24M","-0.18%"
"06/04/2018","456.91","459.65","461.28","456.39","367.38M","-0.45%"
"06/01/2018","458.99","461.99","464.48","458.76","505.21M","-0.41%"
"05/31/2018","460.88","464.24","465.24","460.88","372.38M","-0.58%"
"05/30/2018","463.55","464.72","465.39","460.59","440.98M","-0.67%"
"05/28/2018","466.67","468.47","470.26","465.20","427.92M","-0.40%"
"05/25/2018","468.53","469.39","471.87","467.13","578.03M","-0.12%"
"05/24/2018","469.07","472.53","473.79","468.37","498.19M","-0.61%"
"05/23/2018","471.95","473.10","474.31","470.74","412.49M","-0.30%"
"05/22/2018","473.35","474.50","476.78","472.30","448.63M","-0.17%"
"05/21/2018","474.16","477.13","477.68","474.16","417.19M","-0.13%"
"05/18/2018","474.78","474.24","477.18","474.24","612.91M","0.22%"
"05/17/2018","473.75","477.14","478.06","473.75","813.45M","-0.29%"
"05/16/2018","475.15","479.06","480.73","474.93","953.54M","-0.88%"
"05/15/2018","479.35","481.20","482.59","478.49","599.41M","-0.57%"
"05/14/2018","482.10","480.89","483.64","480.48","700.88M","0.64%"
"05/11/2018","479.03","481.10","483.09","478.21","521.76M","0.05%"
"05/10/2018","478.81","485.47","486.71","478.81","579.95M","-0.98%"
"05/09/2018","483.53","485.71","487.68","483.53","587.24M","-0.44%"
"05/08/2018","485.66","489.73","491.82","484.78","632.73M","-0.69%"
"05/07/2018","489.05","490.76","492.73","488.84","682.82M","0.12%"
"05/04/2018","488.45","488.72","490.41","487.52","647.71M","-0.02%"
"05/03/2018","488.55","487.50","490.12","486.59","576.13M","0.42%"
"05/02/2018","486.51","486.16","488.23","485.41","684.29M","0.01%"
"04/30/2018","486.44","487.55","489.42","486.44","609.74M","0.08%"
"04/27/2018","486.04","486.89","489.72","486.04","1.12B","0.04%"
"04/26/2018","485.86","487.33","489.97","484.85","705.08M","-0.05%"
"04/25/2018","486.09","486.37","489.38","485.88","702.41M","-0.10%"
"04/24/2018","486.60","488.57","490.28","485.95","696.69M","-0.17%"
"04/23/2018","487.44","489.31","491.42","486.96","533.49M","-0.09%"
"04/20/2018","487.86","491.18","492.59","487.63","1.01B","-0.05%"
"04/19/2018","488.12","487.58","490.13","486.96","1.22B","0.51%"
"04/18/2018","485.65","484.21","487.84","484.10","1.32B","0.56%"
"04/17/2018","482.93","486.25","486.95","481.50","840.12M","-0.49%"
"04/12/2018","485.31","484.49","485.85","482.31","708.38M","0.36%"
"04/11/2018","483.57","481.96","485.62","481.38","644.51M","0.62%"
"04/10/2018","480.61","479.16","481.80","478.06","536.87M","0.78%"
"04/09/2018","476.89","476.13","479.48","476.12","1.41B","0.28%"
"04/05/2018","475.56","475.41","477.66","473.25","581.60M","0.61%"
"04/04/2018","472.66","486.81","487.56","472.66","672.23M","-2.59%"
"04/03/2018","485.24","489.85","490.96","484.98","774.76M","-1.12%"
"04/02/2018","490.74","491.78","494.10","489.78","901.06M","0.02%"
"03/30/2018","490.65","493.41","494.97","488.08","1.55B","0.06%"
"03/29/2018","490.37","496.61","498.66","488.95","1.12B","-1.13%"
"03/28/2018","495.97","502.76","504.34","495.10","1.27B","-1.27%"
"03/27/2018","502.35","502.64","505.28","501.03","744.20M","0.45%"
"03/26/2018","500.12","498.51","501.56","497.40","655.18M","0.62%"
"03/23/2018","497.04","497.45","498.99","495.69","887.08M","-0.46%"
"03/22/2018","499.35","500.57","503.38","498.12","1.07B","0.19%"
"03/21/2018","498.41","498.67","502.55","498.30","960.42M","0.11%"
"03/20/2018","497.87","494.44","499.23","494.38","725.85M","0.35%"
"03/19/2018","496.14","498.07","499.96","495.05","661.38M","-0.21%"
"03/16/2018","497.19","495.87","498.63","494.76","1.33B","0.44%"
"03/15/2018","495.00","493.48","495.71","492.12","482.39M","0.85%"
"03/14/2018","490.83","487.06","491.90","487.05","441.69M","0.65%"
"03/13/2018","487.65","484.63","487.65","484.51","493.18M","0.44%"
"03/12/2018","485.50","484.69","487.54","484.18","526.70M","0.34%"
"03/09/2018","483.87","490.04","491.18","480.61","637.49M","-1.23%"
"03/08/2018","489.88","491.64","493.13","488.60","522.39M","-0.31%"
"03/07/2018","491.39","495.22","496.25","490.24","726.04M","-0.59%"
"03/06/2018","494.31","495.18","501.00","494.31","806.77M","0.08%"
"03/05/2018","493.91","498.70","500.06","493.30","578.65M","-0.74%"
"03/02/2018","497.57","500.19","502.03","497.41","962.98M","-0.57%"
"02/28/2018","500.44","502.05","504.86","500.44","726.47M","-0.60%"
"02/27/2018","503.46","512.07","512.93","502.98","858.28M","-1.32%"
"02/26/2018","510.18","516.48","517.59","510.18","681.22M","-0.93%"
"02/23/2018","514.99","511.85","515.91","511.71","842.81M","0.87%"
"02/22/2018","510.54","518.87","519.90","510.43","928.28M","-1.42%"
"02/21/2018","517.92","524.57","526.34","517.92","849.01M","-1.21%"
"02/20/2018","524.27","528.30","529.20","523.19","811.46M","-0.39%"
"02/19/2018","526.31","527.77","530.39","525.01","746.51M","-0.09%"
"02/16/2018","526.79","528.84","531.13","526.73","710.83M","-0.29%"
"02/15/2018","528.32","528.09","530.37","526.66","784.71M","0.19%"
"02/14/2018","527.33","531.39","532.04","525.97","731.61M","0.11%"
"02/13/2018","526.75","529.59","532.13","526.65","695.52M","-0.22%"
"02/12/2018","527.93","528.86","530.56","527.41","664.38M","0.25%"
"02/09/2018","526.60","521.08","526.60","520.36","577.31M","0.18%"
"02/08/2018","525.65","522.74","527.39","522.73","625.08M","0.84%"
"02/07/2018","521.29","524.44","528.21","521.29","737.64M","0.02%"
"02/06/2018","521.20","520.19","521.90","514.52","853.79M","-1.12%"
"02/05/2018","527.13","525.60","530.55","524.43","742.28M","-1.06%"
"02/02/2018","532.76","537.69","539.98","532.76","645.95M","-0.95%"
"02/01/2018","537.89","540.24","542.52","536.52","1.11B","-0.53%"
"01/31/2018","540.74","536.60","541.38","536.45","1.11B","0.67%"
"01/30/2018","537.14","534.98","538.43","534.60","780.40M","0.37%"
"01/29/2018","535.16","535.08","537.46","534.76","978.75M","0.21%"
"01/26/2018","534.02","533.37","534.24","528.40","964.42M","0.37%"
"01/25/2018","532.04","534.40","538.43","532.04","1.05B","-0.28%"
"01/24/2018","533.52","532.00","536.10","531.85","1.22B","0.49%"
"01/23/2018","530.94","530.78","533.32","529.90","1.56B","0.28%"
"01/22/2018","529.46","529.68","531.35","527.80","1.13B","0.10%"
"01/19/2018","528.92","532.66","534.42","526.74","1.70B","-0.50%"
"01/18/2018","531.57","532.25","534.78","531.54","730.04M","0.01%"
"01/17/2018","531.50","532.39","534.45","531.21","649.16M","0.20%"
"01/16/2018","530.43","536.54","536.70","530.34","1.06B","-0.66%"
"01/15/2018","533.95","536.73","539.17","533.36","776.51M","-0.67%"
"01/12/2018","537.56","536.17","538.69","535.59","1.34B","0.33%"
"01/11/2018","535.79","537.70","538.26","534.79","1.08B","-0.02%"
"01/10/2018","535.92","537.00","538.99","535.14","782.94M","0.24%"
"01/09/2018","534.65","534.48","537.50","533.74","767.03M","0.18%"
"01/08/2018","533.70","537.80","539.93","533.03","860.24M","-0.70%"
"01/05/2018","537.46","536.42","542.68","536.39","1.02B","0.12%"
"01/04/2018","536.80","539.65","540.83","535.87","782.78M","-0.45%"
"01/03/2018","539.24","540.69","544.81","538.60","750.88M","-0.21%"
"12/29/2017","540.37","536.50","542.17","536.47","845.07M","0.19%"
"12/28/2017","539.36","538.18","542.15","534.57","806.36M","0.42%"
"12/27/2017","537.11","540.78","544.22","536.84","944.00M","-0.49%"
"12/26/2017","539.73","546.49","547.15","539.73","544.35M","-0.45%"
"12/25/2017","542.17","540.89","546.95","539.35","609.42M","0.36%"
"12/22/2017","540.25","539.62","543.81","536.31","801.11M","0.18%"
"12/21/2017","539.28","536.29","541.09","534.59","1.02B","0.21%"
"12/20/2017","538.17","535.49","540.24","533.39","584.43M","0.68%"
"12/19/2017","534.51","538.00","540.53","534.51","824.02M","0.14%"
"12/18/2017","533.74","533.89","538.03","533.22","974.91M","-0.06%"
"12/15/2017","534.06","531.11","536.22","527.59","822.36M","0.32%"
"12/14/2017","532.34","533.22","537.00","529.11","693.37M","0.16%"
"12/13/2017","531.51","540.16","540.82","531.51","620.32M","-1.31%"
"12/12/2017","538.57","543.37","545.14","535.28","706.72M","-0.05%"
"12/08/2017","538.86","540.93","545.66","538.66","810.48M","-0.68%"
"12/07/2017","542.57","540.35","543.58","537.16","567.48M","0.99%"
"12/06/2017","537.23","542.25","545.67","535.67","695.66M","-1.49%"
"12/04/2017","545.33","544.93","549.07","541.98","850.77M","0.12%"
"12/01/2017","544.70","550.80","553.31","544.63","555.65M","-0.45%"
"11/30/2017","547.16","552.53","556.03","545.48","1.10B","-0.76%"
"11/29/2017","551.33","559.24","559.99","551.33","1.06B","-0.45%"
"11/28/2017","553.85","553.61","559.68","553.61","687.40M","-0.36%"
"11/27/2017","555.86","558.16","558.49","552.33","604.63M","0.35%"
"11/24/2017","553.92","561.00","562.11","553.65","1.19B","-1.03%"
"11/23/2017","559.66","561.17","566.60","557.86","1.82B","-0.66%"
"11/22/2017","563.39","564.53","568.64","562.04","1.05B","0.18%"
"11/21/2017","562.36","565.94","570.32","562.17","1.02B","-0.32%"
"11/20/2017","564.19","564.96","567.31","561.55","1.34B","0.33%"
"11/17/2017","562.34","561.87","564.09","558.57","1.05B","0.41%"
"11/16/2017","560.06","562.93","564.40","556.79","894.91M","-0.16%"
"11/15/2017","560.93","557.69","562.15","556.42","968.07M","0.79%"
"11/14/2017","556.54","559.87","562.71","556.54","1.75B","-0.57%"
"11/13/2017","559.75","561.26","562.52","556.01","1.07B","0.36%"
"11/10/2017","557.75","563.89","564.62","557.75","1.09B","-1.43%"
"11/09/2017","565.85","564.80","568.83","561.96","1.86B","-0.23%"
"11/08/2017","567.18","573.57","574.24","563.90","2.41B","-0.78%"
"11/07/2017","571.65","575.13","576.72","570.62","640.01M","-0.34%"
"11/06/2017","573.58","569.53","574.55","568.53","664.51M","0.50%"
"11/03/2017","570.72","572.75","573.56","565.83","867.29M","-0.32%"
"11/02/2017","572.55","576.23","577.16","571.22","790.77M","0.09%"
"11/01/2017","572.01","579.84","580.46","572.01","896.61M","-0.51%"
"10/31/2017","574.95","576.81","579.97","573.78","889.03M","-0.19%"
"10/30/2017","576.02","579.01","579.62","572.78","678.64M","-0.39%"
"10/27/2017","578.25","576.55","579.77","574.51","665.82M","0.51%"
"10/25/2017","575.32","569.75","576.99","569.29","709.49M","0.63%"
"10/24/2017","571.69","565.92","572.57","565.75","899.76M","1.27%"
"10/20/2017","564.54","563.21","568.92","560.21","547.32M","0.72%"
"10/19/2017","560.49","570.52","572.70","559.80","672.30M","-0.93%"
"10/18/2017","565.76","567.72","572.87","565.76","745.67M","-0.53%"
"10/17/2017","568.76","571.52","572.07","565.00","977.09M","-0.24%"
"10/16/2017","570.10","570.80","571.84","566.36","887.64M","0.05%"
"10/12/2017","569.79","568.60","571.08","565.81","756.44M","0.35%"
"10/11/2017","567.80","571.86","572.23","564.32","805.53M","-0.34%"
"10/10/2017","569.73","568.87","572.62","565.42","881.08M","-0.21%"
"10/09/2017","570.93","576.78","578.26","567.48","1.28B","-0.70%"
"10/06/2017","574.94","572.14","575.28","570.02","1.27B","0.55%"
"10/05/2017","571.78","571.86","572.44","566.07","1.20B","0.85%"
"10/04/2017","566.94","574.59","575.00","566.94","1.16B","-0.53%"
"10/03/2017","569.96","572.23","574.04","567.64","1.50B","0.00%"
"10/02/2017","569.95","572.19","573.38","566.12","1.19B","-0.12%"
"09/29/2017","570.66","570.07","571.64","566.36","907.01M","0.45%"
"09/28/2017","568.12","572.16","572.73","564.42","1.15B","0.37%"
"09/27/2017","566.01","569.45","573.31","565.97","1.29B","-0.99%"
"09/26/2017","571.67","574.94","575.12","568.27","850.66M","-0.32%"
"09/25/2017","573.52","574.40","575.45","569.68","1.32B","-0.22%"
"09/22/2017","574.80","576.94","577.97","570.67","1.25B","-0.25%"
"09/21/2017","576.24","573.50","576.77","570.21","1.97B","0.83%"
"09/20/2017","571.47","570.98","571.53","566.78","1.33B","0.42%"
"09/19/2017","569.06","569.65","571.20","564.23","1.36B","0.73%"
"09/18/2017","564.96","568.78","571.04","564.96","1.42B","-0.19%"
"09/15/2017","566.05","569.52","570.09","562.46","1.53B","-0.57%"
"09/14/2017","569.28","568.74","571.38","564.96","931.91M","0.25%"
"09/13/2017","567.85","567.38","570.33","562.26","1.29B","0.37%"
"09/12/2017","565.75","561.49","566.82","560.60","1.06B","1.32%"
"09/11/2017","558.38","562.44","564.37","558.13","1.60B","-0.36%"
"09/08/2017","560.38","562.73","563.99","556.71","1.34B","-0.07%"
"09/07/2017","560.79","559.63","563.41","559.50","1.91B","1.23%"
"09/06/2017","553.97","557.58","559.88","553.47","1.51B","-0.31%"
"09/05/2017","555.72","554.33","557.04","549.81","1.03B","0.54%"
"09/04/2017","552.71","552.31","552.89","546.90","858.32M","0.46%"
"09/01/2017","550.20","548.46","551.47","544.71","669.03M","0.51%"
"08/31/2017","547.42","544.14","547.42","540.84","897.16M","1.36%"
"08/30/2017","540.07","545.96","546.71","539.76","850.12M","-0.81%"
"08/29/2017","544.48","544.27","546.03","540.59","815.29M","0.04%"
"08/28/2017","544.27","537.08","544.45","536.90","1.07B","1.64%"
"08/25/2017","535.47","538.79","539.67","535.09","1.13B","0.21%"
"08/24/2017","534.33","535.64","540.30","534.28","886.87M","-0.68%"
"08/23/2017","537.99","539.26","540.49","534.76","1.32B","0.05%"
"08/22/2017","537.73","536.32","539.13","533.76","1.37B","1.01%"
"08/21/2017","532.37","538.36","538.94","532.37","1.25B","-0.32%"
"08/18/2017","534.07","539.18","540.08","534.07","1.21B","-0.79%"
"08/17/2017","538.32","533.25","539.19","533.14","1.08B","0.66%"
"08/16/2017","534.77","535.81","536.84","529.82","879.39M","-0.06%"
"08/15/2017","535.09","539.83","541.27","533.10","1.17B","-0.09%"
"08/11/2017","535.59","548.20","548.28","535.48","1.27B","-1.84%"
"08/10/2017","545.62","548.45","551.88","545.62","1.16B","-0.94%"
"08/09/2017","550.78","554.49","555.54","550.01","1.50B","-0.77%"
"08/08/2017","555.08","557.47","558.51","552.23","2.81B","-0.26%"
"08/07/2017","556.54","559.90","561.17","553.03","1.71B","0.20%"
"08/04/2017","555.44","558.66","560.62","555.04","1.55B","-0.42%"
"08/03/2017","557.81","558.41","560.24","554.26","2.59B","0.03%"
"08/02/2017","557.62","554.48","557.67","552.09","2.11B","0.79%"
"08/01/2017","553.23","554.45","555.05","550.06","1.48B","0.40%"
"07/31/2017","551.03","558.92","559.11","551.03","892.53M","-1.33%"
"07/27/2017","558.48","561.29","561.78","554.70","966.87M","-0.29%"
"07/26/2017","560.13","561.25","565.32","558.63","1.22B","0.07%"
"07/25/2017","559.75","559.56","563.92","555.87","1.30B","0.16%"
"07/24/2017","558.86","561.59","565.25","556.12","1.47B","-0.43%"
"07/21/2017","561.29","564.88","566.31","558.11","1.82B","-0.51%"
"07/20/2017","564.16","563.76","569.24","563.42","1.92B","-0.31%"
"07/19/2017","565.90","565.52","569.11","560.03","1.65B","0.38%"
"07/18/2017","563.75","567.20","568.28","561.16","4.12B","0.30%"
"07/17/2017","562.05","569.43","570.19","562.03","1.07B","-0.85%"
"07/14/2017","566.88","566.91","572.14","564.21","1.09B","0.20%"
"07/13/2017","565.73","564.48","569.58","560.98","2.02B","0.50%"
"07/12/2017","562.92","561.40","566.81","559.76","2.24B","0.56%"
"07/11/2017","559.81","560.44","564.61","558.27","875.74M","0.16%"
"07/07/2017","558.94","562.03","564.10","558.94","556.25M","-0.42%"
"07/06/2017","561.32","567.44","568.30","559.56","724.02M","-0.90%"
"07/05/2017","566.42","566.99","569.80","566.37","983.68M","-0.03%"
"07/04/2017","566.59","571.33","572.40","565.56","733.55M","-0.50%"
"07/03/2017","569.43","567.33","570.83","566.64","1.03B","0.66%"
"06/30/2017","565.71","567.84","569.02","560.41","871.42M","-0.36%"
"06/29/2017","567.76","574.34","576.36","566.93","956.97M","-0.92%"
"06/28/2017","573.04","577.69","578.76","572.18","701.39M","-0.58%"
"06/27/2017","576.40","578.82","581.41","576.11","960.13M","-0.23%"
"06/26/2017","577.70","578.28","580.04","577.66","835.94M","0.14%"
"06/23/2017","576.92","578.58","580.00","576.58","990.66M","-0.03%"
"06/22/2017","577.08","577.69","581.25","576.92","911.66M","0.17%"
"06/21/2017","576.08","576.34","578.75","575.42","897.07M","0.25%"
"06/20/2017","574.64","576.58","577.71","574.64","1.34B","0.01%"
"06/19/2017","574.56","572.25","575.77","571.80","1.00B","0.75%"
"06/16/2017","570.31","570.86","573.41","570.29","1.05B","0.30%"
"06/15/2017","568.59","571.74","572.77","568.57","1.49B","-0.32%"
"06/14/2017","570.44","568.36","572.39","568.19","723.93M","0.35%"
"06/13/2017","568.44","565.17","569.11","564.94","1.12B","0.77%"
"06/12/2017","564.07","566.06","567.23","564.03","943.33M","-0.04%"
"06/09/2017","564.28","566.23","567.38","564.28","924.53M","-0.15%"
"06/08/2017","565.14","567.73","567.85","563.77","812.59M","-0.10%"
"06/07/2017","565.70","570.51","571.90","565.65","936.25M","-0.59%"
"06/06/2017","569.04","572.45","573.18","567.44","1.00B","-0.05%"
"06/05/2017","569.34","572.07","572.73","567.86","675.92M","-0.09%"
"06/02/2017","569.83","570.88","573.17","569.59","1.07B","0.07%"
"06/01/2017","569.41","569.71","570.45","568.64","710.18M","0.09%"
"05/31/2017","568.88","574.96","576.98","566.85","1.12B","-0.68%"
"05/30/2017","572.78","575.28","577.57","572.54","1.01B","-0.27%"
"05/29/2017","574.34","574.16","575.95","573.01","1.28B","0.23%"
"05/26/2017","573.03","574.17","575.54","572.59","973.19M","0.02%"
"05/25/2017","572.91","570.85","573.94","570.57","1.34B","0.64%"
"05/24/2017","569.26","567.44","569.26","567.18","983.34M","0.72%"
"05/23/2017","565.19","562.93","566.15","562.25","1.04B","0.77%"
"05/22/2017","560.89","562.33","564.05","560.56","939.03M","0.12%"
"05/19/2017","560.23","557.54","561.16","556.97","802.42M","0.85%"
"05/18/2017","555.49","554.22","556.68","552.70","645.81M","0.17%"
"05/17/2017","554.57","552.29","555.81","551.96","759.79M","0.51%"
"05/16/2017","551.77","544.89","551.77","544.59","967.36M","1.13%"
"05/15/2017","545.63","554.65","555.00","545.63","2.43B","-1.82%"
"05/12/2017","555.73","561.11","561.39","553.63","1.46B","-1.45%"
"05/11/2017","563.90","579.24","580.80","562.08","1.33B","-2.51%"
"05/09/2017","578.41","585.96","587.28","577.21","1.00B","-1.04%"
"05/08/2017","584.47","584.69","587.05","583.69","782.48M","-0.03%"
"05/05/2017","584.63","581.30","584.79","581.20","1.18B","0.54%"
"05/04/2017","581.48","579.04","581.56","578.11","794.16M","0.48%"
"05/03/2017","578.69","579.05","580.30","577.76","721.32M","0.35%"
"05/02/2017","576.68","578.05","578.95","576.30","594.19M","-0.14%"
"04/28/2017","577.47","576.64","579.42","576.27","725.07M","0.22%"
"04/27/2017","576.23","575.50","577.44","574.73","1.08B","0.37%"
"04/26/2017","574.08","571.66","574.08","570.97","1.04B","0.72%"
"04/25/2017","569.98","578.68","580.05","567.93","1.06B","-1.34%"
"04/24/2017","577.70","582.50","583.29","576.47","1.02B","-0.80%"
"04/21/2017","582.34","586.03","587.18","582.31","896.40M","-0.20%"
"04/20/2017","583.51","586.68","588.58","583.21","970.58M","-0.42%"
"04/19/2017","585.96","589.35","590.61","585.30","899.89M","-0.60%"
"04/18/2017","589.50","590.57","594.24","589.50","1.14B","-0.01%"
"04/17/2017","589.55","593.91","594.18","589.20","743.92M","-0.93%"
"04/12/2017","595.07","595.01","596.37","594.60","838.34M","0.00%"
"04/11/2017","595.07","593.50","597.10","593.45","1.30B","0.08%"
"04/10/2017","594.58","596.61","597.03","592.77","741.60M","-0.25%"
"04/07/2017","596.08","598.24","599.98","596.08","958.76M","-0.51%"
"04/05/2017","599.12","600.13","602.43","598.63","1.44B","0.05%"
"04/04/2017","598.83","600.31","602.11","598.58","1.38B","-0.03%"
"04/03/2017","599.01","598.47","600.48","597.64","1.05B","0.26%"
"03/31/2017","597.45","595.60","599.17","595.59","1.14B","0.41%"
"03/30/2017","595.02","595.05","596.88","594.44","1.16B","0.25%"
"03/29/2017","593.52","594.76","596.45","593.52","1.21B","0.20%"
"03/28/2017","592.33","590.52","594.12","590.31","1.33B","0.60%"
"03/27/2017","588.80","591.86","592.27","588.29","1.02B","-0.84%"
"03/24/2017","593.79","595.35","596.56","592.92","1.32B","0.03%"
"03/23/2017","593.64","597.10","598.72","593.33","1.16B","-0.35%"
"03/22/2017","595.74","594.95","597.67","593.44","1.47B","-0.04%"
"03/21/2017","595.97","597.29","598.95","595.47","1.84B","0.19%"
"03/20/2017","594.82","592.46","596.68","592.25","1.01B","0.57%"
"03/17/2017","591.47","590.82","593.81","590.44","945.68M","0.48%"
"03/16/2017","588.64","580.96","589.31","580.70","1.03B","1.79%"
"03/15/2017","578.29","580.23","582.54","576.37","937.06M","-0.13%"
"03/14/2017","579.03","569.63","581.01","567.91","690.25M","1.42%"
"03/13/2017","570.93","585.02","585.25","568.74","759.19M","-2.73%"
"03/10/2017","586.97","596.73","597.10","586.97","560.49M","-1.52%"
"03/09/2017","596.02","595.66","597.40","593.74","524.16M","0.27%"
"03/08/2017","594.39","604.43","605.53","588.89","1.16B","-1.49%"
"03/07/2017","603.40","606.03","608.50","603.26","651.23M","-0.44%"
"03/06/2017","606.05","615.70","615.92","605.93","767.42M","-1.58%"
"03/03/2017","615.81","617.50","618.44","615.14","1.04B","0.01%"
"03/02/2017","615.75","612.93","615.75","612.93","1.11B","0.67%"
"03/01/2017","611.65","612.93","615.08","611.00","1.65B","-0.19%"
"02/28/2017","612.82","616.18","618.75","612.59","1.42B","-0.60%"
"02/27/2017","616.52","620.86","622.07","615.71","1.45B","-0.78%"
"02/24/2017","621.39","622.77","623.50","619.28","1.21B","-0.11%"
"02/23/2017","622.09","623.55","624.04","620.57","1.28B","-0.25%"
"02/22/2017","623.67","625.71","626.86","621.90","822.70M","-0.16%"
"02/21/2017","624.64","636.35","636.76","624.53","1.19B","-1.55%"
"02/20/2017","634.49","636.74","637.97","633.21","816.79M","0.02%"
"02/17/2017","634.37","632.35","634.37","631.83","736.80M","0.56%"
"02/16/2017","630.84","629.36","632.57","629.23","734.22M","0.45%"
"02/15/2017","628.00","632.93","633.95","623.30","1.12B","-0.50%"
"02/14/2017","631.16","636.55","637.72","630.52","1.26B","-0.87%"
"02/10/2017","636.67","638.14","638.78","634.70","877.36M","0.29%"
"02/09/2017","634.82","639.46","641.68","634.81","948.96M","-0.44%"
"02/08/2017","637.61","637.47","641.02","637.20","1.07B","0.24%"
"02/07/2017","636.10","639.55","641.05","635.83","998.16M","-0.62%"
"02/06/2017","640.09","643.68","644.09","638.35","1.80B","-0.25%"
"02/03/2017","641.68","638.15","641.68","637.06","4.06B","0.51%"
"02/02/2017","638.40","646.87","648.19","638.40","3.90B","-0.98%"
"02/01/2017","644.73","646.18","648.65","643.48","7.46B","-0.20%"
"01/31/2017","646.02","646.03","648.92","644.42","1.16B","0.07%"
"01/30/2017","645.58","644.24","647.43","643.90","1.07B","0.27%"
"01/27/2017","643.84","641.01","644.26","640.99","1.25B","0.52%"
"01/26/2017","640.54","643.18","644.57","640.54","1.15B","-0.22%"
"01/25/2017","641.97","646.38","646.94","641.14","2.07B","-0.25%"
"01/24/2017","643.59","647.15","648.21","641.84","1.48B","-0.10%"
"01/23/2017","644.23","640.15","645.07","639.86","1.18B","0.87%"
"01/20/2017","638.68","631.31","639.28","631.06","1.36B","1.22%"
"01/19/2017","631.01","635.18","635.92","626.09","1.00B","-0.40%"
"01/18/2017","633.52","638.29","641.96","632.45","1.25B","-0.62%"
"01/17/2017","637.47","639.56","642.69","636.75","1.14B","0.00%"
"01/16/2017","637.47","640.45","641.75","637.47","1.43B","-0.35%"
"01/13/2017","639.69","638.71","640.90","637.73","2.36B","0.00%"
"01/12/2017","639.66","640.75","643.01","637.76","1.23B","0.29%"
"01/11/2017","637.81","637.16","642.42","637.06","1.23B","0.15%"
"01/10/2017","636.83","633.41","636.83","633.01","1.18B","0.73%"
"01/09/2017","632.20","635.88","636.36","629.58","1.35B","-0.11%"
"01/06/2017","632.90","631.08","633.06","629.18","1.42B","0.37%"
"01/05/2017","630.57","619.13","630.63","619.03","960.49M","2.08%"
"01/04/2017","617.74","619.06","619.90","614.70","913.77M","0.24%"